lote,produto_familia,cluster,incl_ph_Geladeira,incl_amarelecimento_Geladeira,incl_escurecimento_Geladeira,incl_ph_Ambiente,incl_amarelecimento_Ambiente,incl_escurecimento_Ambiente,incl_ph_Estufa,incl_amarelecimento_Estufa,incl_escurecimento_Estufa,incl_ph_Luz,incl_amarelecimento_Luz,incl_escurecimento_Luz
ALV-2401-003,Alvejante Liquido sem Cloro,1,-0.0007731477552406115,0.00038805906814902815,0.00020283459220911472,-0.001683357379275228,0.0039999999999999975,0.0019999999999999987,-0.006200033947212084,0.01876657048289909,0.009383900534668586,-0.002718747347874067,0.07092739540015273,0.027480013578884823
ALV-2402-015,Alvejante Liquido sem Cloro,1,-0.0001438513112110792,0.00038805906814902815,0.00020283459220911472,-0.00036960027157769424,0.0039999999999999975,0.0019999999999999987,-0.004115675125180319,0.01876657048289909,0.009383900534668586,-0.001497496393108739,0.07092739540015273,0.027480013578884823
ALV-2403-034,Alvejante Liquido sem Cloro,1,-7.086480522787025e-05,0.00038805906814902815,0.00020283459220911472,-0.0014856148688788863,0.0039999999999999975,0.0019999999999999987,-0.006090554188237286,0.01876657048289909,0.009383900534668586,-0.001913349741152497,0.07092739540015273,0.027480013578884823
ALV-2403-038,Alvejante Liquido sem Cloro,1,3.437155223625014e-05,0.00038805906814902815,0.00020283459220911472,-0.000710345412882975,0.0039999999999999975,0.0019999999999999987,-0.005956038360349654,0.01876657048289909,0.009383900534668586,-0.002177289315114989,0.07092739540015273,0.027480013578884823
ALV-2405-069,Alvejante Liquido sem Cloro,1,-2.8430790121362903e-05,0.00038805906814902815,0.00020283459220911472,-0.00037681405414579565,0.0039999999999999975,0.0019999999999999987,-0.0050161249257405,0.01876657048289909,0.009383900534668586,-0.0020894509038445266,0.07092739540015273,0.027480013578884823
ALV-2407-099,Alvejante Liquido sem Cloro,1,0.00010056861580241601,0.00038805906814902815,0.00020283459220911472,-0.001742340660273269,0.0039999999999999975,0.0019999999999999987,-0.007355087838411253,0.01876657048289909,0.009383900534668586,-0.0026037511669353935,0.07092739540015273,0.027480013578884823
ALV-2408-108,Alvejante Liquido sem Cloro,1,0.000217262157345323,0.00038805906814902815,0.00020283459220911472,-0.0015114996180938677,0.0039999999999999975,0.0019999999999999987,-0.005319528133752028,0.01876657048289909,0.009383900534668586,-0.0015632691165237916,0.07092739540015273,0.027480013578884823
ALV-2408-109,Alvejante Liquido sem Cloro,1,-0.0001960451497920693,0.00038805906814902815,0.00020283459220911472,-0.0016205550369175993,0.0039999999999999975,0.0019999999999999987,-0.0063247899516252004,0.01876657048289909,0.009383900534668586,-0.0032271068488500306,0.07092739540015273,0.027480013578884823
ALV-2408-111,Alvejante Liquido sem Cloro,1,-0.0002176864974964048,0.00038805906814902815,0.00020283459220911472,-0.0011983365866078332,0.0039999999999999975,0.0019999999999999987,-0.006116863277603326,0.01876657048289909,0.009383900534668586,-0.002462021556479676,0.07092739540015273,0.027480013578884823
ALV-2408-119,Alvejante Liquido sem Cloro,1,-3.437155223626579e-05,0.00038805906814902815,0.00020283459220911472,-0.0021806840363235184,0.0039999999999999975,0.0019999999999999987,-0.006065093779173386,0.01876657048289909,0.009383900534668586,-0.0026788593736739646,0.07092739540015273,0.027480013578884823
ALV-2408-120,Alvejante Liquido sem Cloro,1,0.0008219468726130959,0.00038805906814902815,0.00020283459220911472,-0.001057031316303151,0.0039999999999999975,0.0019999999999999987,-0.005235933123992181,0.01876657048289909,0.009383900534668586,-0.001566239497581255,0.07092739540015273,0.027480013578884823
ALV-2409-124,Alvejante Liquido sem Cloro,1,2.2490028006452185e-05,0.00038805906814902815,0.00020283459220911472,-0.0007464143257234743,0.0039999999999999975,0.0019999999999999987,-0.0052656369345667735,0.01876657048289909,0.009383900534668586,-0.0015607230756174181,0.07092739540015273,0.027480013578884823
ALV-2409-126,Alvejante Liquido sem Cloro,1,-0.000665789697021129,0.00038805906814902815,0.00020283459220911472,-0.0005185436646015361,0.0039999999999999975,0.0019999999999999987,-0.0066532292285496055,0.01876657048289909,0.009383900534668586,-0.0019298990070440462,0.07092739540015273,0.027480013578884823
ALV-2409-130,Alvejante Liquido sem Cloro,1,5.3466859034212104e-05,0.00038805906814902815,0.00020283459220911472,-0.0010914028685394246,0.0039999999999999975,0.0019999999999999987,-0.006674446236102856,0.01876657048289909,0.009383900534668586,-0.0027374183145209238,0.07092739540015273,0.027480013578884823
ALV-2409-134,Alvejante Liquido sem Cloro,1,0.00018331494526011553,0.00038805906814902815,0.00020283459220911472,-0.0008906899770856508,0.0039999999999999975,0.0019999999999999987,-0.006310362386489037,0.01876657048289909,0.009383900534668586,-0.0014143257234999498,0.07092739540015273,0.027480013578884823
ALV-2409-140,Alvejante Liquido sem Cloro,1,-0.00015658151574301731,0.00038805906814902815,0.00020283459220911472,-0.0016464397861325653,0.0039999999999999975,0.0019999999999999987,-0.005389119918526688,0.01876657048289909,0.009383900534668586,-0.0024879063056946343,0.07092739540015273,0.027480013578884823
ALV-2409-148,Alvejante Liquido sem Cloro,1,-0.00039633370109480815,0.00038805906814902815,0.00020283459220911472,-0.0009178477467537996,0.0039999999999999975,0.0019999999999999987,-0.005959008741407109,0.01876657048289909,0.009383900534668586,-0.001984214546380383,0.07092739540015273,0.027480013578884823
ALV-2409-149,Alvejante Liquido sem Cloro,1,-0.00010990409912586391,0.00038805906814902815,0.00020283459220911472,-0.0016074004922345638,0.0039999999999999975,0.0019999999999999987,-0.00741576848001359,0.01876657048289909,0.009383900534668586,-0.003330645845709933,0.07092739540015273,0.027480013578884823
ALV-2409-151,Alvejante Liquido sem Cloro,1,-0.00012984808622591124,0.00038805906814902815,0.00020283459220911472,-0.0017083934481880694,0.0039999999999999975,0.0019999999999999987,-0.008668844946108803,0.01876657048289909,0.009383900534668586,-0.002798098956123245,0.07092739540015273,0.027480013578884823
ALV-2410-158,Alvejante Liquido sem Cloro,1,-2.546040906381361e-06,0.00038805906814902815,0.00020283459220911472,-0.001615038614953739,0.0039999999999999975,0.0019999999999999987,-0.008409997453959105,0.01876657048289909,0.009383900534668586,-0.0023924297717049887,0.07092739540015273,0.027480013578884823
ALV-2410-164,Alvejante Liquido sem Cloro,1,-0.000417975048799128,0.00038805906814902815,0.00020283459220911472,-0.0017563438852584291,0.0039999999999999975,0.0019999999999999987,-0.005444284138165146,0.01876657048289909,0.009383900534668586,-0.0022511245014003225,0.07092739540015273,0.027480013578884823
ALV-2411-168,Alvejante Liquido sem Cloro,1,3.946363404906765e-05,0.00038805906814902815,0.00020283459220911472,-0.0006679113977764521,0.0039999999999999975,0.0019999999999999987,-0.007036832725112433,0.01876657048289909,0.009383900534668586,-0.0016689298141390094,0.07092739540015273,0.027480013578884823
ALV-2411-179,Alvejante Liquido sem Cloro,1,-0.000574980904693188,0.00038805906814902815,0.00020283459220911472,-0.002819315963676483,0.0039999999999999975,0.0019999999999999987,-0.007017737418314533,0.01876657048289909,0.009383900534668586,-0.0025765933972672446,0.07092739540015273,0.027480013578884823
ALV-2411-180,Alvejante Liquido sem Cloro,1,0.00024951200882626575,0.00038805906814902815,0.00020283459220911472,-0.0015369600271577595,0.0039999999999999975,0.0019999999999999987,-0.006721547992871083,0.01876657048289909,0.009383900534668586,-0.003256386319273526,0.07092739540015273,0.027480013578884823
ALV-2412-198,Alvejante Liquido sem Cloro,1,-0.00012518034456420688,0.00038805906814902815,0.00020283459220911472,-0.0017372485784604985,0.0039999999999999975,0.0019999999999999987,-0.00784138165153187,0.01876657048289909,0.009383900534668586,-0.002896970211321404,0.07092739540015273,0.027480013578884823
ALV-2501-209,Alvejante Liquido sem Cloro,1,-0.0003785114147500603,0.00038805906814902815,0.00020283459220911472,-0.0004625307646609505,0.0039999999999999975,0.0019999999999999987,-0.004514554867181516,0.01876657048289909,0.009383900534668586,-0.0013163031486038916,0.07092739540015273,0.027480013578884823
ALV-2502-239,Alvejante Liquido sem Cloro,1,-0.00020071289145379717,0.00038805906814902815,0.00020283459220911472,-0.00030807094967326404,0.0039999999999999975,0.0019999999999999987,-0.004484851056606983,0.01876657048289909,0.009383900534668586,-0.0022422133582279563,0.07092739540015273,0.027480013578884823
ALV-2503-251,Alvejante Liquido sem Cloro,1,0.000532971229737739,0.00038805906814902815,0.00020283459220911472,-0.0013608588644657533,0.0039999999999999975,0.0019999999999999987,-0.005182466264957992,0.01876657048289909,0.009383900534668586,-0.0017397946193668955,0.07092739540015273,0.027480013578884823
ALV-2503-257,Alvejante Liquido sem Cloro,1,0.00025884749214970585,0.00038805906814902815,0.00020283459220911472,-0.0017028770262242404,0.0039999999999999975,0.0019999999999999987,-0.0048400237630484705,0.01876657048289909,0.009383900534668586,-0.002546465246541609,0.07092739540015273,0.027480013578884823
ALV-2504-265,Alvejante Liquido sem Cloro,1,1.4851905287284619e-05,0.00038805906814902815,0.00020283459220911472,-0.0017741661716031533,0.0039999999999999975,0.0019999999999999987,-0.003978613256386315,0.01876657048289909,0.009383900534668586,-0.0021849274378341723,0.07092739540015273,0.027480013578884823
ALV-2505-281,Alvejante Liquido sem Cloro,1,-0.00022744632097087972,0.00038805906814902815,0.00020283459220911472,-0.002429771704998726,0.0039999999999999975,0.0019999999999999987,-0.0075070016124925585,0.01876657048289909,0.009383900534668586,-0.0032593567003309735,0.07092739540015273,0.027480013578884823
ALV-2506-293,Alvejante Liquido sem Cloro,1,-0.0006208096410082325,0.00038805906814902815,0.00020283459220911472,-0.0002007128914537815,0.0039999999999999975,0.0019999999999999987,-0.0034371552236272603,0.01876657048289909,0.009383900534668586,-0.0012513791054909634,0.07092739540015273,0.027480013578884823
AMA-2401-005,Amaciante de Roupas (esterquat),0,-7.55325468895942e-05,0.0005544428413816515,0.00028040397182381395,-0.0013604345243146871,0.005601417296104555,0.0027971654077908843,-0.00579648646354917,0.026280403971823806,0.013132860901298475,-0.002530340320801161,0.04470325893236017,0.0179791648985827
AMA-2401-007,Amaciante de Roupas (esterquat),0,0.0002495120088262814,0.0005544428413816515,0.00028040397182381395,-0.0016909955019943955,0.005601417296104555,0.0027971654077908843,-0.004218365441738082,0.026280403971823806,0.013132860901298475,-0.001962148858524989,0.04470325893236017,0.0179791648985827
AMA-2403-030,Amaciante de Roupas (esterquat),0,0.0002558771110922505,0.0005544428413816515,0.00028040397182381395,-0.0011083764745820322,0.005601417296104555,0.0027971654077908843,-0.005855469744547223,0.026280403971823806,0.013132860901298475,-0.002657218025969625,0.04470325893236017,0.0179791648985827
AMA-2404-048,Amaciante de Roupas (esterquat),0,-0.00012518034456422645,0.0005544428413816515,0.00028040397182381395,-0.0010056861580242501,0.005601417296104555,0.0027971654077908843,-0.004134770431978269,0.026280403971823806,0.013132860901298475,-0.0009836204701688797,0.04470325893236017,0.0179791648985827
AMA-2404-059,Amaciante de Roupas (esterquat),0,-0.0004697445472290637,0.0005544428413816515,0.00028040397182381395,-0.0008418908597131393,0.005601417296104555,0.0027971654077908843,-0.005750657727234149,0.026280403971823806,0.013132860901298475,-0.0016078248323856533,0.04470325893236017,0.0179791648985827
AMA-2405-063,Amaciante de Roupas (esterquat),0,-0.00019816685054739624,0.0005544428413816515,0.00028040397182381395,-0.0011160145973012037,0.005601417296104555,0.0027971654077908843,-0.007272341508953558,0.026280403971823806,0.013132860901298475,-0.002407706017143328,0.04470325893236017,0.0179791648985827
AMA-2406-084,Amaciante de Roupas (esterquat),0,0.0007977594840023673,0.0005544428413816515,0.00028040397182381395,-0.0011873037426801088,0.005601417296104555,0.0027971654077908843,-0.005686582364423302,0.026280403971823806,0.013132860901298475,-0.00209624034626157,0.04470325893236017,0.0179791648985827
AMA-2407-091,Amaciante de Roupas (esterquat),0,0.00020368327251123295,0.0005544428413816515,0.00028040397182381395,-0.0023733344649070737,0.005601417296104555,0.0027971654077908843,-0.007434863786811498,0.026280403971823806,0.013132860901298475,-0.00336713909870153,0.04470325893236017,0.0179791648985827
AMA-2407-094,Amaciante de Roupas (esterquat),0,-0.0008249172536705511,0.0005544428413816515,0.00028040397182381395,-0.0016757192565560644,0.005601417296104555,0.0027971654077908843,-0.0062658066706271715,0.026280403971823806,0.013132860901298475,-0.0029678350165492744,0.04470325893236017,0.0179791648985827
AMA-2407-100,Amaciante de Roupas (esterquat),0,0.00012475600441313678,0.0005544428413816515,0.00028040397182381395,-0.0019549350759568993,0.005601417296104555,0.0027971654077908843,-0.006740643299669006,0.026280403971823806,0.013132860901298475,-0.0018844946108800913,0.04470325893236017,0.0179791648985827
AMA-2407-101,Amaciante de Roupas (esterquat),0,0.0007069506916744535,0.0005544428413816515,0.00028040397182381395,-0.0013871679538317815,0.005601417296104555,0.0027971654077908843,-0.007147585504540448,0.026280403971823806,0.013132860901298475,-0.0025961130442162337,0.04470325893236017,0.0179791648985827
AMA-2407-106,Amaciante de Roupas (esterquat),0,1.1881524229837088e-05,0.0005544428413816515,0.00028040397182381395,-0.0014627005007213875,0.005601417296104555,0.0027971654077908843,-0.006192820164643978,0.026280403971823806,0.013132860901298475,-0.0015144699991513192,0.04470325893236017,0.0179791648985827
AMA-2408-107,Amaciante de Roupas (esterquat),0,0.0002860052618178663,0.0005544428413816515,0.00028040397182381395,-0.0018255113298820229,0.005601417296104555,0.0027971654077908843,-0.006417720444708469,0.026280403971823806,0.013132860901298475,-0.0015759993210557612,0.04470325893236017,0.0179791648985827
AMA-2409-125,Amaciante de Roupas (esterquat),0,0.00022235423915810526,0.0005544428413816515,0.00028040397182381395,-0.0012233726555206667,0.005601417296104555,0.0027971654077908843,-0.004849783586522953,0.026280403971823806,0.013132860901298475,-0.0017996265806670766,0.04470325893236017,0.0179791648985827
AMA-2409-150,Amaciante de Roupas (esterquat),0,-0.0002838835610625472,0.0005544428413816515,0.00028040397182381395,-0.0017690740897903711,0.005601417296104555,0.0027971654077908843,-0.006073580582194694,0.026280403971823806,0.013132860901298475,-0.0024789951625222564,0.04470325893236017,0.0179791648985827
AMA-2410-152,Amaciante de Roupas (esterquat),0,5.9407621149114995e-05,0.0005544428413816515,0.00028040397182381395,-0.0009441568361198473,0.005601417296104555,0.0027971654077908843,-0.005260544852753979,0.026280403971823806,0.013132860901298475,-0.0017839259950776674,0.04470325893236017,0.0179791648985827
AMA-2411-171,Amaciante de Roupas (esterquat),0,-0.00045277094118646775,0.0005544428413816515,0.00028040397182381395,-0.001233132478995161,0.005601417296104555,0.0027971654077908843,-0.006253500806246296,0.026280403971823806,0.013132860901298475,-0.0014660952219298893,0.04470325893236017,0.0179791648985827
AMA-2411-181,Amaciante de Roupas (esterquat),0,-0.00020028855130272316,0.0005544428413816515,0.00028040397182381395,-0.001438513112110655,0.005601417296104555,0.0027971654077908843,-0.00687388610710345,0.026280403971823806,0.013132860901298475,-0.002994568446066357,0.04470325893236017,0.0179791648985827
AMA-2412-188,Amaciante de Roupas (esterquat),0,0.00012263430365782942,0.0005544428413816515,0.00028040397182381395,-0.0010931002291436776,0.005601417296104555,0.0027971654077908843,-0.004692353390477823,0.026280403971823806,0.013132860901298475,-0.0006259017228210108,0.04470325893236017,0.0179791648985827
AMA-2412-189,Amaciante de Roupas (esterquat),0,0.0004918102350844418,0.0005544428413816515,0.00028040397182381395,-0.0019532377153526426,0.005601417296104555,0.0027971654077908843,-0.0070614444538742195,0.026280403971823806,0.013132860901298475,-0.0029483153696002813,0.04470325893236017,0.0179791648985827
AMA-2501-210,Amaciante de Roupas (esterquat),0,-4.6677416617082945e-06,0.0005544428413816515,0.00028040397182381395,-0.0010820673852159884,0.005601417296104555,0.0027971654077908843,-0.003755834677077147,0.026280403971823806,0.013132860901298475,-0.0012013069676652846,0.04470325893236017,0.0179791648985827
AMA-2501-215,Amaciante de Roupas (esterquat),0,-3.6917593142658896e-05,0.0005544428413816515,0.00028040397182381395,-0.001406687600780786,0.005601417296104555,0.0027971654077908843,-0.005735805821946872,0.026280403971823806,0.013132860901298475,-0.0012700500721378161,0.04470325893236017,0.0179791648985827
AMA-2501-223,Amaciante de Roupas (esterquat),0,-0.0004913858949333874,0.0005544428413816515,0.00028040397182381395,-0.0012407706017143287,0.005601417296104555,0.0027971654077908843,-0.006880251209369423,0.026280403971823806,0.013132860901298475,-0.0027034711024357316,0.04470325893236017,0.0179791648985827
AMA-2502-237,Amaciante de Roupas (esterquat),0,-0.0003326826784350236,0.0005544428413816515,0.00028040397182381395,-0.0016948145633539872,0.005601417296104555,0.0027971654077908843,-0.007076296359161512,0.026280403971823806,0.013132860901298475,-0.0024709326996520385,0.04470325893236017,0.0179791648985827
AMA-2503-242,Amaciante de Roupas (esterquat),0,-0.00037681405414579175,0.0005544428413816515,0.00028040397182381395,-0.0010786726640074709,0.005601417296104555,0.0027971654077908843,-0.00533098531783076,0.026280403971823806,0.013132860901298475,-0.0012250700161249117,0.04470325893236017,0.0179791648985827
AMA-2504-264,Amaciante de Roupas (esterquat),0,0.0002957650852923647,0.0005544428413816515,0.00028040397182381395,-0.0017130611898498011,0.005601417296104555,0.0027971654077908843,-0.00589450903844522,0.026280403971823806,0.013132860901298475,-0.0019430535517270583,0.04470325893236017,0.0179791648985827
AMA-2505-275,Amaciante de Roupas (esterquat),0,-0.00013706186879403222,0.0005544428413816515,0.00028040397182381395,-0.0015390817279130984,0.005601417296104555,0.0027971654077908843,-0.004546380378511413,0.026280403971823806,0.013132860901298475,-0.0020601714334210356,0.04470325893236017,0.0179791648985827
AMA-2505-278,Amaciante de Roupas (esterquat),0,0.00013706186879400875,0.0005544428413816515,0.00028040397182381395,-0.0022294831536960142,0.005601417296104555,0.0027971654077908843,-0.006860731562420426,0.026280403971823806,0.013132860901298475,-0.002375880505813467,0.04470325893236017,0.0179791648985827
AMA-2506-294,Amaciante de Roupas (esterquat),0,-4.667741661712208e-06,0.0005544428413816515,0.00028040397182381395,-0.0016884494610880142,0.005601417296104555,0.0027971654077908843,-0.00639565475685309,0.026280403971823806,0.013132860901298475,-0.001298905202410257,0.04470325893236017,0.0179791648985827
DES-2402-016,Desinfetante Quaternario Concentrado,1,-0.0003377747602478098,0.0004362641093100227,0.00021043028091317995,-0.0007073750318254962,0.004398582703895442,0.002202834592209114,-0.004382160740049208,0.020641305270304673,0.01032101332428074,-0.0020381057455656376,0.06540545701434267,0.025489815836374427
DES-2402-022,Desinfetante Quaternario Concentrado,1,-0.0007336841211915987,0.0004362641093100227,0.00021043028091317995,-0.00030085716710513916,0.004398582703895442,0.002202834592209114,-0.0031778833913265036,0.020641305270304673,0.01032101332428074,-0.001130017822286305,0.06540545701434267,0.025489815836374427
DES-2402-025,Desinfetante Quaternario Concentrado,1,0.0001884070270728861,0.0004362641093100227,0.00021043028091317995,-0.0012581685479080144,0.004398582703895442,0.002202834592209114,-0.0024862089450903777,0.020641305270304673,0.01032101332428074,-0.00032759059662226873,0.06540545701434267,0.025489815836374427
DES-2402-028,Desinfetante Quaternario Concentrado,1,0.000281337520156158,0.0004362641093100227,0.00021043028091317995,-0.001323941271323067,0.004398582703895442,0.002202834592209114,-0.004111007383518607,0.020641305270304673,0.01032101332428074,-0.0013460069591785077,0.06540545701434267,0.025489815836374427
DES-2403-031,Desinfetante Quaternario Concentrado,1,-0.0004523466010353781,0.0004362641093100227,0.00021043028091317995,-0.0009713146057879883,0.004398582703895442,0.002202834592209114,-0.0020381057455656298,0.020641305270304673,0.01032101332428074,-0.0007345328014936997,0.06540545701434267,0.025489815836374427
DES-2403-035,Desinfetante Quaternario Concentrado,1,-0.00028133752015614233,0.0004362641093100227,0.00021043028091317995,-0.0003895442586777807,0.004398582703895442,0.002202834592209114,-0.0029996605278791197,0.020641305270304673,0.01032101332428074,-0.0011847577017737548,0.06540545701434267,0.025489815836374427
DES-2403-044,Desinfetante Quaternario Concentrado,1,0.00012178562335566186,0.0004362641093100227,0.00021043028091317995,-0.0017296104557413309,0.004398582703895442,0.002202834592209114,-0.004379190358991761,0.020641305270304673,0.01032101332428074,-0.0013871679538317776,0.06540545701434267,0.025489815836374427
DES-2405-065,Desinfetante Quaternario Concentrado,1,5.431553933632096e-05,0.0004362641093100227,0.00021043028091317995,-0.0018645506237800048,0.004398582703895442,0.002202834592209114,-0.0044161079521344085,0.020641305270304673,0.01032101332428074,-0.001734278197403043,0.06540545701434267,0.025489815836374427
DES-2406-074,Desinfetante Quaternario Concentrado,1,-0.0005872867690740912,0.0004362641093100227,0.00021043028091317995,-0.0004922345752354963,0.004398582703895442,0.002202834592209114,-0.0032737842654672156,0.020641305270304673,0.01032101332428074,-0.001702877026224217,0.06540545701434267,0.025489815836374427
DES-2408-121,Desinfetante Quaternario Concentrado,1,0.00015658151574303295,0.0004362641093100227,0.00021043028091317995,-0.0010010184163626046,0.004398582703895442,0.002202834592209114,-0.0028672664007468427,0.020641305270304673,0.01032101332428074,-0.00078290757871511,0.06540545701434267,0.025489815836374427
DES-2408-122,Desinfetante Quaternario Concentrado,1,-0.0005652210812186973,0.0004362641093100227,0.00021043028091317995,-0.00152168378171944,0.004398582703895442,0.002202834592209114,-0.002562165832131042,0.020641305270304673,0.01032101332428074,-0.0008295849953322634,0.06540545701434267,0.025489815836374427
DES-2409-142,Desinfetante Quaternario Concentrado,1,-0.00035941610795212965,0.0004362641093100227,0.00021043028091317995,-0.00019562080964101095,0.004398582703895442,0.002202834592209114,-0.0034528558092166615,0.020641305270304673,0.01032101332428074,-0.0011083764745820634,0.06540545701434267,0.025489815836374427
DES-2409-145,Desinfetante Quaternario Concentrado,1,6.662140371722421e-05,0.0004362641093100227,0.00021043028091317995,-0.0010672154799287233,0.004398582703895442,0.002202834592209114,-0.003457099210727331,0.020641305270304673,0.01032101332428074,-0.0009539166595943458,0.06540545701434267,0.025489815836374427
DES-2410-154,Desinfetante Quaternario Concentrado,1,-0.0010128999405923868,0.0004362641093100227,0.00021043028091317995,-0.0008266146142747845,0.004398582703895442,0.002202834592209114,-0.003922176016294679,0.020641305270304673,0.01032101332428074,-0.0018255113298820268,0.06540545701434267,0.025489815836374427
DES-2410-161,Desinfetante Quaternario Concentrado,1,0.00021811083764741618,0.0004362641093100227,0.00021043028091317995,-0.0007268946787745087,0.004398582703895442,0.002202834592209114,-0.004227700925061546,0.020641305270304673,0.01032101332428074,-0.0016587456505134214,0.06540545701434267,0.025489815836374427
DES-2410-162,Desinfetante Quaternario Concentrado,1,0.0006114741576848081,0.0004362641093100227,0.00021043028091317995,-0.00038190613595858965,0.004398582703895442,0.002202834592209114,-0.0032419587541373074,0.020641305270304673,0.01032101332428074,-0.001857336841211927,0.06540545701434267,0.025489815836374427
DES-2410-165,Desinfetante Quaternario Concentrado,1,-0.0007977594840023712,0.0004362641093100227,0.00021043028091317995,-8.571671051517835e-05,0.004398582703895442,0.002202834592209114,-0.003075617414919831,0.020641305270304673,0.01032101332428074,-0.0009106339641856826,0.06540545701434267,0.025489815836374427
DES-2410-166,Desinfetante Quaternario Concentrado,1,-0.0001124501400322531,0.0004362641093100227,0.00021043028091317995,-0.0007973351438513128,0.004398582703895442,0.002202834592209114,-0.0023071374013409396,0.020641305270304673,0.01032101332428074,-0.0012250700161249393,0.06540545701434267,0.025489815836374427
DES-2411-169,Desinfetante Quaternario Concentrado,1,-0.0004481031995247634,0.0004362641093100227,0.00021043028091317995,-0.0006509377917338444,0.004398582703895442,0.002202834592209114,-0.0032347449715691983,0.020641305270304673,0.01032101332428074,-0.0016735975558007218,0.06540545701434267,0.025489815836374427
DES-2411-170,Desinfetante Quaternario Concentrado,1,-0.00022447593991344004,0.0004362641093100227,0.00021043028091317995,-0.0008567427650004513,0.004398582703895442,0.002202834592209114,-0.003107442926249676,0.020641305270304673,0.01032101332428074,-0.0008635322074174473,0.06540545701434267,0.025489815836374427
DES-2411-172,Desinfetante Quaternario Concentrado,1,-0.0007124671136383294,0.0004362641093100227,0.00021043028091317995,-0.0008563184248493538,0.004398582703895442,0.002202834592209114,-0.004370703555970445,0.020641305270304673,0.01032101332428074,-0.001382500212170136,0.06540545701434267,0.025489815836374427
DES-2411-185,Desinfetante Quaternario Concentrado,1,0.0005940762114911186,0.0004362641093100227,0.00021043028091317995,-0.00033522871934139713,0.004398582703895442,0.002202834592209114,-0.003437155223627268,0.020641305270304673,0.01032101332428074,-0.0014291776287872343,0.06540545701434267,0.025489815836374427
DES-2412-191,Desinfetante Quaternario Concentrado,1,6.831876432149672e-05,0.0004362641093100227,0.00021043028091317995,0.0005703131630314914,0.004398582703895442,0.002202834592209114,-0.004384282440804516,0.020641305270304673,0.01032101332428074,-0.001682933039124201,0.06540545701434267,0.025489815836374427
DES-2412-196,Desinfetante Quaternario Concentrado,1,-0.0008537723839429724,0.0004362641093100227,0.00021043028091317995,-0.0005724348637868223,0.004398582703895442,0.002202834592209114,-0.0027034711024356926,0.020641305270304673,0.01032101332428074,-0.001729610455741276,0.06540545701434267,0.025489815836374427
DES-2501-208,Desinfetante Quaternario Concentrado,1,-0.0004383433760502493,0.0004362641093100227,0.00021043028091317995,0.0001154205210896928,0.004398582703895442,0.002202834592209114,-0.0028507171348552854,0.020641305270304673,0.01032101332428074,-0.001497496393108739,0.06540545701434267,0.025489815836374427
DES-2501-214,Desinfetante Quaternario Concentrado,1,-0.00028133752015611885,0.0004362641093100227,0.00021043028091317995,-0.0013116354069422108,0.004398582703895442,0.002202834592209114,-0.0036013748620894763,0.020641305270304673,0.01032101332428074,-0.0014363914113553436,0.06540545701434267,0.025489815836374427
DES-2501-216,Desinfetante Quaternario Concentrado,1,-0.0004676228464737367,0.0004362641093100227,0.00021043028091317995,-0.0004277348722736029,0.004398582703895442,0.002202834592209114,-0.0023945514724603117,0.020641305270304673,0.01032101332428074,-0.0010252058049732744,0.06540545701434267,0.025489815836374427
DES-2502-227,Desinfetante Quaternario Concentrado,1,-0.0004727149282865073,0.0004362641093100227,0.00021043028091317995,-0.0009441568361198473,0.004398582703895442,0.002202834592209114,-0.0029606212339811653,0.020641305270304673,0.01032101332428074,-0.0005448527539675682,0.06540545701434267,0.025489815836374427
DES-2503-240,Desinfetante Quaternario Concentrado,1,0.0005333955698887817,0.0004362641093100227,0.00021043028091317995,-0.000917847746753784,0.004398582703895442,0.002202834592209114,-0.004676228464737312,0.020641305270304673,0.01032101332428074,-0.0010837647458202336,0.06540545701434267,0.025489815836374427
DES-2503-241,Desinfetante Quaternario Concentrado,1,0.0001536111346855541,0.0004362641093100227,0.00021043028091317995,-0.000651362131884895,0.004398582703895442,0.002202834592209114,-0.002148009844691525,0.020641305270304673,0.01032101332428074,-0.0010056861580242697,0.06540545701434267,0.025489815836374427
DES-2503-258,Desinfetante Quaternario Concentrado,1,0.0003543240261393278,0.0004362641093100227,0.00021043028091317995,-0.0006831876432148107,0.004398582703895442,0.002202834592209114,-0.0028159212424679614,0.020641305270304673,0.01032101332428074,-0.0009029958414665228,0.06540545701434267,0.025489815836374427
DES-2504-263,Desinfetante Quaternario Concentrado,1,-1.4427565136202794e-05,0.0004362641093100227,0.00021043028091317995,-0.0008121870491386365,0.004398582703895442,0.002202834592209114,-0.003391326487312255,0.020641305270304673,0.01032101332428074,-0.0019918526690995424,0.06540545701434267,0.025489815836374427
DES-2504-266,Desinfetante Quaternario Concentrado,1,0.0001905287278282091,0.0004362641093100227,0.00021043028091317995,-0.0006899770856318538,0.004398582703895442,0.002202834592209114,-0.0036310786726639907,0.020641305270304673,0.01032101332428074,-0.0006827633030637132,0.06540545701434267,0.025489815836374427
DES-2505-284,Desinfetante Quaternario Concentrado,1,-0.0011817873207163074,0.0004362641093100227,0.00021043028091317995,-0.00016888738012388926,0.004398582703895442,0.002202834592209114,-0.0028180429432232766,0.020641305270304673,0.01032101332428074,-0.00130102690316558,0.06540545701434267,0.025489815836374427
DES-2505-288,Desinfetante Quaternario Concentrado,1,0.0006997369091063365,0.0004362641093100227,0.00021043028091317995,-0.00044513281846730017,0.004398582703895442,0.002202834592209114,-0.003902656369345674,0.020641305270304673,0.01032101332428074,-0.001316303148603923,0.06540545701434267,0.025489815836374427
DES-2506-290,Desinfetante Quaternario Concentrado,1,-0.00015615717559196678,0.0004362641093100227,0.00021043028091317995,-0.000738776203004338,0.004398582703895442,0.002202834592209114,-0.003973521174573536,0.020641305270304673,0.01032101332428074,-0.0015832131036238547,0.06540545701434267,0.025489815836374427
DES-2506-300,Desinfetante Quaternario Concentrado,1,-0.0008092166680811342,0.0004362641093100227,0.00021043028091317995,-0.0005771026054485423,0.004398582703895442,0.002202834592209114,-0.0044585419672409626,0.020641305270304673,0.01032101332428074,-0.0023461766952388705,0.06540545701434267,0.025489815836374427
DLL-2401-004,Detergente Liquido Lava-Loucas,0,-0.00038105745565646516,0.0004685563948060764,0.00022804039718238135,-0.0008660782483238678,0.004797165407790884,0.002398582703895442,-0.00391750827463295,0.022516761435967068,0.01126572180259696,-0.0019999151319697764,0.0495378935754901,0.019618984978358647
DLL-2401-009,Detergente Liquido Lava-Loucas,0,-8.062462870238432e-05,0.0004685563948060764,0.00022804039718238135,-0.0006679113977764599,0.004797165407790884,0.002398582703895442,-0.004080879232793011,0.022516761435967068,0.01126572180259696,-0.0017839259950776674,0.0495378935754901,0.019618984978358647
DLL-2402-019,Detergente Liquido Lava-Loucas,0,-0.000360264788254262,0.0004685563948060764,0.00022804039718238135,-0.001106254773826678,0.004797165407790884,0.002398582703895442,-0.004151319697869808,0.022516761435967068,0.01126572180259696,-0.0020033098531783214,0.0495378935754901,0.019618984978358647
DLL-2402-020,Detergente Liquido Lava-Loucas,0,0.00016167359755579568,0.0004685563948060764,0.00022804039718238135,-0.000438343376050265,0.004797165407790884,0.002398582703895442,-0.005025460409063877,0.022516761435967068,0.01126572180259696,-0.0012547738266994771,0.0495378935754901,0.019618984978358647
DLL-2402-023,Detergente Liquido Lava-Loucas,0,-0.0005236357464143537,0.0004685563948060764,0.00022804039718238135,-0.0003840278367139518,0.004797165407790884,0.002398582703895442,-0.0036136807264703246,0.022516761435967068,0.01126572180259696,-0.0007069506916744692,0.0495378935754901,0.019618984978358647
DLL-2402-027,Detergente Liquido Lava-Loucas,0,-0.000489688534329154,0.0004685563948060764,0.00022804039718238135,-0.0011936688449461208,0.004797165407790884,0.002398582703895442,-0.0040673003479589406,0.022516761435967068,0.01126572180259696,-0.0010714588814393616,0.0495378935754901,0.019618984978358647
DLL-2403-041,Detergente Liquido Lava-Loucas,0,0.00021514045659002344,0.0004685563948060764,0.00022804039718238135,-0.0005266061274717934,0.004797165407790884,0.002398582703895442,-0.0034473393872528246,0.022516761435967068,0.01126572180259696,-0.0014334210302978725,0.0495378935754901,0.019618984978358647
DLL-2403-043,Detergente Liquido Lava-Loucas,0,6.831876432148889e-05,0.0004685563948060764,0.00022804039718238135,-0.0009225154884155041,0.004797165407790884,0.002398582703895442,-0.004749214970720545,0.022516761435967068,0.01126572180259696,-0.0022091148264448733,0.0495378935754901,0.019618984978358647
DLL-2404-047,Detergente Liquido Lava-Loucas,0,-0.0010307222269371032,0.0004685563948060764,0.00022804039718238135,0.00013451582788763912,0.004797165407790884,0.002398582703895442,-0.004947806161419011,0.022516761435967068,0.01126572180259696,-0.0015827887634728198,0.0495378935754901,0.019618984978358647
DLL-2404-049,Detergente Liquido Lava-Loucas,0,0.00015912755664942998,0.0004685563948060764,0.00022804039718238135,-0.00038148179580753915,0.004797165407790884,0.002398582703895442,-0.0027722142069082556,0.022516761435967068,0.01126572180259696,-0.0015297462445896816,0.0495378935754901,0.019618984978358647
DLL-2404-054,Detergente Liquido Lava-Loucas,0,-0.0005410336926080119,0.0004685563948060764,0.00022804039718238135,-0.0016651107527794532,0.004797165407790884,0.002398582703895442,-0.004964355427310568,0.022516761435967068,0.01126572180259696,-0.0010981923109564754,0.0495378935754901,0.019618984978358647
DLL-2404-055,Detergente Liquido Lava-Loucas,0,-0.0004671985063226862,0.0004685563948060764,0.00022804039718238135,-0.0005287278282271007,0.004797165407790884,0.002398582703895442,-0.004406772468811031,0.022516761435967068,0.01126572180259696,-0.0019723330221505303,0.0495378935754901,0.019618984978358647
DLL-2404-057,Detergente Liquido Lava-Loucas,0,-0.00010523635746414388,0.0004685563948060764,0.00022804039718238135,0.0008788084528558059,0.004797165407790884,0.002398582703895442,-0.002867690740897846,0.022516761435967068,0.01126572180259696,-0.0012509547653398894,0.0495378935754901,0.019618984978358647
DLL-2406-079,Detergente Liquido Lava-Loucas,0,0.00014469999151316457,0.0004685563948060764,0.00022804039718238135,-0.0011079521344309583,0.004797165407790884,0.002398582703895442,-0.003437579563778295,0.022516761435967068,0.01126572180259696,-0.0010328439276924262,0.0495378935754901,0.019618984978358647
DLL-2406-081,Detergente Liquido Lava-Loucas,0,-0.0004111856063820614,0.0004685563948060764,0.00022804039718238135,-0.0004281592124246769,0.004797165407790884,0.002398582703895442,-0.0023168972248153986,0.022516761435967068,0.01126572180259696,-0.0008762624119493933,0.0495378935754901,0.019618984978358647
DLL-2407-104,Detergente Liquido Lava-Loucas,0,-0.00022277857930918317,0.0004685563948060764,0.00022804039718238135,-0.00010269031655773121,0.004797165407790884,0.002398582703895442,-0.002835440889416927,0.022516761435967068,0.01126572180259696,-0.0013014512433166463,0.0495378935754901,0.019618984978358647
DLL-2408-118,Detergente Liquido Lava-Loucas,0,-0.0007850292794703939,0.0004685563948060764,0.00022804039718238135,-0.0011329882033437762,0.004797165407790884,0.002398582703895442,-0.005126029024866309,0.022516761435967068,0.01126572180259696,-0.001477552406008676,0.0495378935754901,0.019618984978358647
DLL-2412-190,Detergente Liquido Lava-Loucas,0,0.0005185436646015597,0.0004685563948060764,0.00022804039718238135,-0.0014245098871255065,0.004797165407790884,0.002398582703895442,-0.003168972248154075,0.022516761435967068,0.01126572180259696,-0.0012136128320461449,0.0495378935754901,0.019618984978358647
DLL-2412-192,Detergente Liquido Lava-Loucas,0,0.00036450818976489237,0.0004685563948060764,0.00022804039718238135,-0.00014427565136210623,0.004797165407790884,0.002398582703895442,-0.0046028176186030684,0.022516761435967068,0.01126572180259696,-0.0010298735466350022,0.0495378935754901,0.019618984978358647
DLL-2412-195,Detergente Liquido Lava-Loucas,0,-6.619706356619719e-05,0.0004685563948060764,0.00022804039718238135,-0.0008389204786556956,0.004797165407790884,0.002398582703895442,-0.0018272086904862759,0.022516761435967068,0.01126572180259696,-0.0017177289315114704,0.0495378935754901,0.019618984978358647
DLL-2501-205,Detergente Liquido Lava-Loucas,0,-0.0001811932445047925,0.0004685563948060764,0.00022804039718238135,-0.00013663752864299345,0.004797165407790884,0.002398582703895442,-0.002476449121615887,0.022516761435967068,0.01126572180259696,-0.0005677671221250788,0.0495378935754901,0.019618984978358647
DLL-2501-206,Detergente Liquido Lava-Loucas,0,0.00018119324450480818,0.0004685563948060764,0.00022804039718238135,-0.0007676313332767514,0.004797165407790884,0.002398582703895442,-0.003653144360519361,0.022516761435967068,0.01126572180259696,-0.0015272002036833003,0.0495378935754901,0.019618984978358647
DLL-2501-211,Detergente Liquido Lava-Loucas,0,-0.0005083595009759873,0.0004685563948060764,0.00022804039718238135,-9.97199355002915e-05,0.004797165407790884,0.002398582703895442,-0.0026941356191122604,0.022516761435967068,0.01126572180259696,-0.0011402019859119558,0.0495378935754901,0.019618984978358647
DLL-2501-212,Detergente Liquido Lava-Loucas,0,0.0001790715437494695,0.0004685563948060764,0.00022804039718238135,-0.0012675040312314465,0.004797165407790884,0.002398582703895442,-0.0032708138844097364,0.022516761435967068,0.01126572180259696,-0.0012649579903250025,0.0495378935754901,0.019618984978358647
DLL-2501-218,Detergente Liquido Lava-Loucas,0,-0.00035262666553510227,0.0004685563948060764,0.00022804039718238135,-0.00033989646100310154,0.004797165407790884,0.002398582703895442,-0.0029415259271832186,0.022516761435967068,0.01126572180259696,-0.0006534838326402414,0.0495378935754901,0.019618984978358647
DLL-2501-221,Detergente Liquido Lava-Loucas,0,-0.00021089705507939307,0.0004685563948060764,0.00022804039718238135,-0.0002770941186454963,0.004797165407790884,0.002398582703895442,-0.0035012305864380875,0.022516761435967068,0.01126572180259696,-0.0014559110583043404,0.0495378935754901,0.019618984978358647
DLL-2501-222,Detergente Liquido Lava-Loucas,0,-0.0002983111261987735,0.0004685563948060764,0.00022804039718238135,-0.0008983280998047872,0.004797165407790884,0.002398582703895442,-0.004448357803615406,0.022516761435967068,0.01126572180259696,-0.0015017397946193302,0.0495378935754901,0.019618984978358647
DLL-2502-232,Detergente Liquido Lava-Loucas,0,-8.826275142154406e-05,0.0004685563948060764,0.00022804039718238135,-0.0010209624034626362,0.004797165407790884,0.002398582703895442,-0.0037015191377408416,0.022516761435967068,0.01126572180259696,-0.0013625562250700024,0.0495378935754901,0.019618984978358647
DLL-2502-236,Detergente Liquido Lava-Loucas,0,-0.00047738266994818036,0.0004685563948060764,0.00022804039718238135,2.970381057471014e-06,0.004797165407790884,0.002398582703895442,-0.0019035899176779985,0.022516761435967068,0.01126572180259696,-0.001203853008571662,0.0495378935754901,0.019618984978358647
DLL-2502-238,Detergente Liquido Lava-Loucas,0,-0.00017694984299414647,0.0004685563948060764,0.00022804039718238135,-0.0010633964185691122,0.004797165407790884,0.002398582703895442,-0.002731053212254947,0.022516761435967068,0.01126572180259696,-0.0007752694559959268,0.0495378935754901,0.019618984978358647
DLL-2503-249,Detergente Liquido Lava-Loucas,0,0.00019859119069846632,0.0004685563948060764,0.00022804039718238135,-0.0008563184248493851,0.004797165407790884,0.002398582703895442,-0.003241958754137331,0.022516761435967068,0.01126572180259696,-0.0012110667911397791,0.0495378935754901,0.019618984978358647
DLL-2503-256,Detergente Liquido Lava-Loucas,0,-6.365102265981583e-05,0.0004685563948060764,0.00022804039718238135,-0.0008979037596537288,0.004797165407790884,0.002398582703895442,-0.005074683866587443,0.022516761435967068,0.01126572180259696,-0.001927777306288731,0.0495378935754901,0.019618984978358647
DLR-2401-008,Detergente Liquido para Roupas,0,-0.001012899940592418,0.0005084443690061952,0.00025103963337010934,-0.0007065263515233796,0.005202834592209113,0.0026014172961045566,-0.002524823898837352,0.02439858270389544,0.012202834592209113,-0.0011134685563948105,0.05434812865993379,0.02151922260884324
DLR-2401-010,Detergente Liquido para Roupas,0,-0.0009933802936434057,0.0005084443690061952,0.00025103963337010934,-0.0009764066876008214,0.005202834592209113,0.0026014172961045566,-0.003660782483238599,0.02439858270389544,0.012202834592209113,-0.001255622507001625,0.05434812865993379,0.02151922260884324
DLR-2402-012,Detergente Liquido para Roupas,0,0.0002783671390987026,0.0005084443690061952,0.00025103963337010934,-0.000927607570228345,0.005202834592209113,0.0026014172961045566,-0.003980734957141676,0.02439858270389544,0.012202834592209113,-0.001438513112110651,0.05434812865993379,0.02151922260884324
DLR-2402-014,Detergente Liquido para Roupas,0,-0.0011915471441907978,0.0005084443690061952,0.00025103963337010934,-0.001007807858779577,0.005202834592209113,0.0026014172961045566,-0.0030437919035899387,0.02439858270389544,0.012202834592209113,-0.0007922430620385579,0.05434812865993379,0.02151922260884324
DLR-2403-036,Detergente Liquido para Roupas,0,-0.00011966392260034667,0.0005084443690061952,0.00025103963337010934,-0.0018938300942034844,0.005202834592209113,0.0026014172961045566,-0.00520198591190695,0.02439858270389544,0.012202834592209113,-0.0010549096155477889,0.05434812865993379,0.02151922260884324
DLR-2403-039,Detergente Liquido para Roupas,0,-2.9703810574553584e-05,0.0005084443690061952,0.00025103963337010934,-0.0012059747093270162,0.005202834592209113,0.0026014172961045566,-0.0041572604599847025,0.02439858270389544,0.012202834592209113,-0.0011529321904438627,0.05434812865993379,0.02151922260884324
DLR-2403-042,Detergente Liquido para Roupas,0,-0.0003946363404905043,0.0005084443690061952,0.00025103963337010934,-0.0009836204701688602,0.005202834592209113,0.0026014172961045566,-0.0056840363235169285,0.02439858270389544,0.012202834592209113,-0.0016977849444114307,0.05434812865993379,0.02151922260884324
DLR-2404-045,Detergente Liquido para Roupas,0,-0.00031316303148601896,0.0005084443690061952,0.00025103963337010934,-0.001191547144190751,0.005202834592209113,0.0026014172961045566,-0.0036968513960791063,0.02439858270389544,0.012202834592209113,-0.0005677671221251257,0.05434812865993379,0.02151922260884324
DLR-2404-046,Detergente Liquido para Roupas,0,0.00014894339302387323,0.0005084443690061952,0.00025103963337010934,-0.0004913858949333562,0.005202834592209113,0.0026014172961045566,-0.0037291012475600097,0.02439858270389544,0.012202834592209113,-0.0012704744122888861,0.05434812865993379,0.02151922260884324
DLR-2404-051,Detergente Liquido para Roupas,0,5.898328099801751e-05,0.0005084443690061952,0.00025103963337010934,-0.000484172112365286,0.005202834592209113,0.0026014172961045566,-0.0049376219977934075,0.02439858270389544,0.012202834592209113,-0.0014656708817789015,0.05434812865993379,0.02151922260884324
DLR-2404-061,Detergente Liquido para Roupas,0,-0.0002397521853518143,0.0005084443690061952,0.00025103963337010934,-0.0015462955104811919,0.005202834592209113,0.0026014172961045566,-0.004680047526096908,0.02439858270389544,0.012202834592209113,-0.0018569125010608294,0.05434812865993379,0.02151922260884324
DLR-2405-064,Detergente Liquido para Roupas,0,0.0007366545022490228,0.0005084443690061952,0.00025103963337010934,-0.0008469829415258981,0.005202834592209113,0.0026014172961045566,-0.003817363998981538,0.02439858270389544,0.012202834592209113,-0.0014851905287277887,0.05434812865993379,0.02151922260884324
DLR-2405-066,Detergente Liquido para Roupas,0,0.0002253246202155802,0.0005084443690061952,0.00025103963337010934,-0.001106254773826678,0.005202834592209113,0.0026014172961045566,-0.0031978273784265274,0.02439858270389544,0.012202834592209113,-0.0015785453619621425,0.05434812865993379,0.02151922260884324
DLR-2406-082,Detergente Liquido para Roupas,0,-0.0004502249002800551,0.0005084443690061952,0.00025103963337010934,-0.0008075193074768617,0.005202834592209113,0.0026014172961045566,-0.00511626920139185,0.02439858270389544,0.012202834592209113,-0.0022532462021556455,0.05434812865993379,0.02151922260884324
DLR-2406-087,Detergente Liquido para Roupas,0,0.00044767885937362675,0.0005084443690061952,0.00025103963337010934,-0.0003763897139947295,0.005202834592209113,0.0026014172961045566,-0.0014559110583043091,0.02439858270389544,0.012202834592209113,-0.0006704574386828569,0.05434812865993379,0.02151922260884324
DLR-2406-088,Detergente Liquido para Roupas,0,0.0002715776966817066,0.0005084443690061952,0.00025103963337010934,-0.0016298905202410472,0.005202834592209113,0.0026014172961045566,-0.0026203004328269816,0.02439858270389544,0.012202834592209113,-0.0012925401001443115,0.05434812865993379,0.02151922260884324
DLR-2407-090,Detergente Liquido para Roupas,0,0.00012518034456418338,0.0005084443690061952,0.00025103963337010934,-0.0009051175422218928,0.005202834592209113,0.0026014172961045566,-0.004519646948994365,0.02439858270389544,0.012202834592209113,-0.0009424594755156061,0.05434812865993379,0.02151922260884324
DLR-2407-092,Detergente Liquido para Roupas,0,-0.0005754052448442854,0.0005084443690061952,0.00025103963337010934,-0.0007956377832470716,0.005202834592209113,0.0026014172961045566,-0.005613595858440132,0.02439858270389544,0.012202834592209113,-0.0021921412204022736,0.05434812865993379,0.02151922260884324
DLR-2407-096,Detergente Liquido para Roupas,0,6.280234235758956e-05,0.0005084443690061952,0.00025103963337010934,-0.0013948060765509686,0.005202834592209113,0.0026014172961045566,-0.004575235508783885,0.02439858270389544,0.012202834592209113,-0.0011571755919544773,0.05434812865993379,0.02151922260884324
DLR-2407-098,Detergente Liquido para Roupas,0,-0.00024060086565391532,0.0005084443690061952,0.00025103963337010934,-0.0009174234066027413,0.005202834592209113,0.0026014172961045566,-0.004988967156072328,0.02439858270389544,0.012202834592209113,-0.001008232198930651,0.05434812865993379,0.02151922260884324
DLR-2407-105,Detergente Liquido para Roupas,0,-0.0004994483578036211,0.0005084443690061952,0.00025103963337010934,-0.0012187049138589858,0.005202834592209113,0.0026014172961045566,-0.004563353984554001,0.02439858270389544,0.012202834592209113,-0.0020576253925146657,0.05434812865993379,0.02151922260884324
DLR-2409-144,Detergente Liquido para Roupas,0,0.00019307476873461394,0.0005084443690061952,0.00025103963337010934,-0.0007239242977170534,0.005202834592209113,0.0026014172961045566,-0.0030985317830773415,0.02439858270389544,0.012202834592209113,-0.002170075532546864,0.05434812865993379,0.02151922260884324
DLR-2410-155,Detergente Liquido para Roupas,0,1.4427565136187138e-05,0.0005084443690061952,0.00025103963337010934,-0.0009713146057879647,0.005202834592209113,0.0026014172961045566,-0.0027891878129508788,0.02439858270389544,0.012202834592209113,-0.0012013069676652807,0.05434812865993379,0.02151922260884324
DLR-2411-176,Detergente Liquido para Roupas,0,-0.00012984808622588777,0.0005084443690061952,0.00025103963337010934,-1.230586438086412e-05,0.005202834592209113,0.0026014172961045566,-0.0022982262581685655,0.02439858270389544,0.012202834592209113,-0.0009738606466943931,0.05434812865993379,0.02151922260884324
DLR-2411-184,Detergente Liquido para Roupas,0,-0.00020792667402187508,0.0005084443690061952,0.00025103963337010934,-0.0015785453619621738,0.005202834592209113,0.0026014172961045566,-0.0034503097683102955,0.02439858270389544,0.012202834592209113,-0.00033268267843498446,0.05434812865993379,0.02151922260884324
DLR-2412-187,Detergente Liquido para Roupas,0,-0.00018204192480695617,0.0005084443690061952,0.00025103963337010934,-0.0005087838411270769,0.005202834592209113,0.0026014172961045566,-0.0035356021386743217,0.02439858270389544,0.012202834592209113,-0.0017860476958329436,0.05434812865993379,0.02151922260884324
DLR-2412-193,Detergente Liquido para Roupas,0,0.0006216583213103648,0.0005084443690061952,0.00025103963337010934,-0.00027369939743699827,0.005202834592209113,0.0026014172961045566,-0.0028354408894169427,0.02439858270389544,0.012202834592209113,-0.0013969277773062917,0.05434812865993379,0.02151922260884324
DLR-2412-201,Detergente Liquido para Roupas,0,0.00014894339302384192,0.0005084443690061952,0.00025103963337010934,-0.0012972078418059532,0.005202834592209113,0.0026014172961045566,-0.0027913095137062018,0.02439858270389544,0.012202834592209113,-0.0006462700500721087,0.05434812865993379,0.02151922260884324
DLR-2501-217,Detergente Liquido para Roupas,0,-0.0002915216837816678,0.0005084443690061952,0.00025103963337010934,-0.0010841890859713153,0.005202834592209113,0.0026014172961045566,-0.002356360858864466,0.02439858270389544,0.012202834592209113,-0.0010128999405924024,0.05434812865993379,0.02151922260884324
DLR-2501-219,Detergente Liquido para Roupas,0,-0.0003759653738436711,0.0005084443690061952,0.00025103963337010934,-0.0013829245523210689,0.005202834592209113,0.0026014172961045566,-0.003996011202580012,0.02439858270389544,0.012202834592209113,-0.0016931172027497264,0.05434812865993379,0.02151922260884324
DLR-2501-220,Detergente Liquido para Roupas,0,-0.00010778239837050959,0.0005084443690061952,0.00025103963337010934,-0.0005821946872613128,0.005202834592209113,0.0026014172961045566,-0.0035890689977086435,0.02439858270389544,0.012202834592209113,-0.001431723669693655,0.05434812865993379,0.02151922260884324
DLR-2501-224,Detergente Liquido para Roupas,0,0.00022277857930915186,0.0005084443690061952,0.00025103963337010934,-0.00041839938895016284,0.005202834592209113,0.0026014172961045566,-0.0044339302384792025,0.02439858270389544,0.012202834592209113,-0.001950691674446226,0.05434812865993379,0.02151922260884324
DLR-2503-246,Detergente Liquido para Roupas,0,-0.000763387931766121,0.0005084443690061952,0.00025103963337010934,-0.0008440125604684271,0.005202834592209113,0.0026014172961045566,-0.0026228464737333475,0.02439858270389544,0.012202834592209113,-0.0015288975642875023,0.05434812865993379,0.02151922260884324
DLR-2503-248,Detergente Liquido para Roupas,0,-0.00021556479674109743,0.0005084443690061952,0.00025103963337010934,-0.0006721547992870903,0.005202834592209113,0.0026014172961045566,-0.004522192989900716,0.02439858270389544,0.012202834592209113,-0.0009051175422218615,0.05434812865993379,0.02151922260884324
DLR-2503-252,Detergente Liquido para Roupas,0,-0.000315709072392369,0.0005084443690061952,0.00025103963337010934,-0.0005041160994653412,0.005202834592209113,0.0026014172961045566,-0.0038517355512178745,0.02439858270389544,0.012202834592209113,-0.0010816430450649183,0.05434812865993379,0.02151922260884324
DLR-2503-260,Detergente Liquido para Roupas,0,0.00017907154374945382,0.0005084443690061952,0.00025103963337010934,-0.00024484426716459267,0.005202834592209113,0.0026014172961045566,-0.00426207247729785,0.02439858270389544,0.012202834592209113,-0.00045234660103540944,0.05434812865993379,0.02151922260884324
DLR-2503-261,Detergente Liquido para Roupas,0,-0.0006704574386828883,0.0005084443690061952,0.00025103963337010934,-0.0007561741491979413,0.005202834592209113,0.0026014172961045566,-0.003993040821522525,0.02439858270389544,0.012202834592209113,-0.0020750233387083084,0.05434812865993379,0.02151922260884324
DLR-2504-273,Detergente Liquido para Roupas,0,0.00011966392260031535,0.0005084443690061952,0.00025103963337010934,-0.0006199609607061471,0.005202834592209113,0.0026014172961045566,-0.0039981329033353195,0.02439858270389544,0.012202834592209113,-0.0018323007722990856,0.05434812865993379,0.02151922260884324
DLR-2505-277,Detergente Liquido para Roupas,0,0.00040397182381396,0.0005084443690061952,0.00025103963337010934,-0.0003912416192820532,0.005202834592209113,0.0026014172961045566,-0.003061189849783581,0.02439858270389544,0.012202834592209113,-0.0014758550454043956,0.05434812865993379,0.02151922260884324
DLR-2505-285,Detergente Liquido para Roupas,0,-0.0005766782652974448,0.0005084443690061952,0.00025103963337010934,-0.0002983111261987735,0.005202834592209113,0.0026014172961045566,-0.0037783247050835757,0.02439858270389544,0.012202834592209113,-0.0005427310532122608,0.05434812865993379,0.02151922260884324
DLR-2506-291,Detergente Liquido para Roupas,0,-5.643724009165181e-05,0.0005084443690061952,0.00025103963337010934,-0.0009000254604091144,0.005202834592209113,0.0026014172961045566,-0.003364593057795133,0.02439858270389544,0.012202834592209113,-0.001155053891199217,0.05434812865993379,0.02151922260884324
LMU-2401-001,Limpador Multiuso Alcalino,0,-0.0001090554188236846,0.0005867351268777051,0.00030340320801154196,-0.0009420351353644696,0.0059999999999999975,0.0029999999999999988,-0.004957565984893478,0.0281558601374862,0.014077569379614695,-0.0018573368412119035,0.06192879572265126,0.024516506831876422
LMU-2402-017,Limpador Multiuso Alcalino,0,-0.0008957820588984058,0.0005867351268777051,0.00030340320801154196,-0.0013039972842230118,0.0059999999999999975,0.0029999999999999988,-0.004621912925401007,0.0281558601374862,0.014077569379614695,-0.0023737588050581713,0.06192879572265126,0.024516506831876422
LMU-2402-018,Limpador Multiuso Alcalino,0,0.00012263430365783333,0.0005867351268777051,0.00030340320801154196,-0.00099592633454974,0.0059999999999999975,0.0029999999999999988,-0.005145124331664286,0.0281558601374862,0.014077569379614695,-0.002321564966477181,0.06192879572265126,0.024516506831876422
LMU-2402-024,Limpador Multiuso Alcalino,0,-0.0004913858949333874,0.0005867351268777051,0.00030340320801154196,-0.0016731732156496713,0.0059999999999999975,0.0029999999999999988,-0.007278706611219586,0.0281558601374862,0.014077569379614695,-0.0021488585249936497,0.06192879572265126,0.024516506831876422
LMU-2403-040,Limpador Multiuso Alcalino,0,0.00024441992701354997,0.0005867351268777051,0.00030340320801154196,-0.0009000254604090832,0.0059999999999999975,0.0029999999999999988,-0.007445472290588128,0.0281558601374862,0.014077569379614695,-0.0037600780785878325,0.06192879572265126,0.024516506831876422
LMU-2404-053,Limpador Multiuso Alcalino,0,-0.0008321310362386213,0.0005867351268777051,0.00030340320801154196,-0.0004990240176526098,0.0059999999999999975,0.0029999999999999988,-0.00516040057710259,0.0281558601374862,0.014077569379614695,-0.00188194856997371,0.06192879572265126,0.024516506831876422
LMU-2404-056,Limpador Multiuso Alcalino,0,0.00023253840278374423,0.0005867351268777051,0.00030340320801154196,0.0002618178732071299,0.0059999999999999975,0.0029999999999999988,-0.004118221166086709,0.0281558601374862,0.014077569379614695,-0.0013871679538318088,0.06192879572265126,0.024516506831876422
LMU-2404-060,Limpador Multiuso Alcalino,0,-0.00014427565136215318,0.0005867351268777051,0.00030340320801154196,-0.0012963591615038678,0.0059999999999999975,0.0029999999999999988,-0.007359331239921923,0.0281558601374862,0.014077569379614695,-0.003772808283119739,0.06192879572265126,0.024516506831876422
LMU-2405-070,Limpador Multiuso Alcalino,0,-0.0013018755834677046,0.0005867351268777051,0.00030340320801154196,-0.0015636934566748187,0.0059999999999999975,0.0029999999999999988,-0.006075277942798935,0.0281558601374862,0.014077569379614695,-0.0018496987184927593,0.06192879572265126,0.024516506831876422
LMU-2405-072,Limpador Multiuso Alcalino,0,-0.00014682169226850323,0.0005867351268777051,0.00030340320801154196,-0.001409657981838308,0.0059999999999999975,0.0029999999999999988,-0.0075358567427649325,0.0281558601374862,0.014077569379614695,-0.002608843248748203,0.06192879572265126,0.024516506831876422
LMU-2406-078,Limpador Multiuso Alcalino,0,0.00039633370109481595,0.0005867351268777051,0.00030340320801154196,-0.00027157769668167525,0.0059999999999999975,0.0029999999999999988,-0.004249766612916892,0.0281558601374862,0.014077569379614695,-0.0027111092251548914,0.06192879572265126,0.024516506831876422
LMU-2406-080,Limpador Multiuso Alcalino,0,0.0003398964610031798,0.0005867351268777051,0.00030340320801154196,-0.0018573368412119348,0.0059999999999999975,0.0029999999999999988,-0.005449376219977924,0.0281558601374862,0.014077569379614695,-0.0013816515318679564,0.06192879572265126,0.024516506831876422
LMU-2406-086,Limpador Multiuso Alcalino,0,0.0001387592293982695,0.0005867351268777051,0.00030340320801154196,-0.001979971144869737,0.0059999999999999975,0.0029999999999999988,-0.005363659509462762,0.0281558601374862,0.014077569379614695,-0.0016977849444114778,0.06192879572265126,0.024516506831876422
LMU-2408-112,Limpador Multiuso Alcalino,0,0.00037002461172868213,0.0005867351268777051,0.00030340320801154196,-0.0018670966646864176,0.0059999999999999975,0.0029999999999999988,-0.0056029873546635175,0.0281558601374862,0.014077569379614695,-0.0025494356275990804,0.06192879572265126,0.024516506831876422
LMU-2409-123,Limpador Multiuso Alcalino,0,0.0007077993719765545,0.0005867351268777051,0.00030340320801154196,-0.0009051175422218302,0.0059999999999999975,0.0029999999999999988,-0.0035873716371043005,0.0281558601374862,0.014077569379614695,-0.0012484087244335237,0.06192879572265126,0.024516506831876422
LMU-2409-127,Limpador Multiuso Alcalino,0,-6.831876432148889e-05,0.0005867351268777051,0.00030340320801154196,-0.0017881693965882978,0.0059999999999999975,0.0029999999999999988,-0.007286344733938714,0.0281558601374862,0.014077569379614695,-0.0020533819910040197,0.06192879572265126,0.024516506831876422
LMU-2409-132,Limpador Multiuso Alcalino,0,-0.00026224221335828215,0.0005867351268777051,0.00030340320801154196,-0.0013680726470338704,0.0059999999999999975,0.0029999999999999988,-0.005150216413477081,0.0281558601374862,0.014077569379614695,-0.0017784095731138464,0.06192879572265126,0.024516506831876422
LMU-2409-135,Limpador Multiuso Alcalino,0,-0.00040609352456928303,0.0005867351268777051,0.00030340320801154196,-0.0010523635746414544,0.0059999999999999975,0.0029999999999999988,-0.003911567512517977,0.0281558601374862,0.014077569379614695,-0.000964100823219879,0.06192879572265126,0.024516506831876422
LMU-2409-139,Limpador Multiuso Alcalino,0,5.643724009165181e-05,0.0005867351268777051,0.00030340320801154196,-0.001218280573707896,0.0059999999999999975,0.0029999999999999988,-0.004448357803615374,0.0281558601374862,0.014077569379614695,-0.0026597640668759867,0.06192879572265126,0.024516506831876422
LMU-2409-141,Limpador Multiuso Alcalino,0,4.158533480432805e-05,0.0005867351268777051,0.00030340320801154196,-0.0013141814478485844,0.0059999999999999975,0.0029999999999999988,-0.005074259526436385,0.0281558601374862,0.014077569379614695,-0.0018764321480098263,0.06192879572265126,0.024516506831876422
LMU-2410-156,Limpador Multiuso Alcalino,0,6.831876432147324e-05,0.0005867351268777051,0.00030340320801154196,-0.001325638631927363,0.0059999999999999975,0.0029999999999999988,-0.005855894084698265,0.0281558601374862,0.014077569379614695,-0.0018963761351099755,0.06192879572265126,0.024516506831876422
LMU-2411-174,Limpador Multiuso Alcalino,0,0.0005380633115505408,0.0005867351268777051,0.00030340320801154196,-0.0010939489094457825,0.0059999999999999975,0.0029999999999999988,-0.004080030552490816,0.0281558601374862,0.014077569379614695,-0.0014363914113553749,0.06192879572265126,0.024516506831876422
LMU-2411-178,Limpador Multiuso Alcalino,0,0.0001841636255622792,0.0005867351268777051,0.00030340320801154196,-0.0013065433251294245,0.0059999999999999975,0.0029999999999999988,-0.0033416786896376537,0.0281558601374862,0.014077569379614695,-0.0016719001951964805,0.06192879572265126,0.024516506831876422
LMU-2411-182,Limpador Multiuso Alcalino,0,-2.6733429517098225e-05,0.0005867351268777051,0.00030340320801154196,-0.0014512433166426048,0.0059999999999999975,0.0029999999999999988,-0.005659000254604095,0.0281558601374862,0.014077569379614695,-0.0016740218959518192,0.06192879572265126,0.024516506831876422
LMU-2412-194,Limpador Multiuso Alcalino,0,-0.0003331070185860898,0.0005867351268777051,0.00030340320801154196,-0.0013948060765509372,0.0059999999999999975,0.0029999999999999988,-0.006410931002291421,0.0281558601374862,0.014077569379614695,-0.002016040057710275,0.06192879572265126,0.024516506831876422
LMU-2501-213,Limpador Multiuso Alcalino,0,-0.0002669099550199552,0.0005867351268777051,0.00030340320801154196,-0.0015314436051939307,0.0059999999999999975,0.0029999999999999988,-0.004824747517610135,0.0281558601374862,0.014077569379614695,-0.0016443180853772186,0.06192879572265126,0.024516506831876422
LMU-2502-229,Limpador Multiuso Alcalino,0,-0.0001884070270728939,0.0005867351268777051,0.00030340320801154196,-0.001156751251803466,0.0059999999999999975,0.0029999999999999988,-0.005052618178732034,0.0281558601374862,0.014077569379614695,-0.0021140626326062394,0.06192879572265126,0.024516506831876422
LMU-2502-230,Limpador Multiuso Alcalino,0,-1.4427565136265417e-05,0.0005867351268777051,0.00030340320801154196,-0.0015238054824747553,0.0059999999999999975,0.0029999999999999988,-0.007115335653059525,0.0281558601374862,0.014077569379614695,-0.002077993719765748,0.06192879572265126,0.024516506831876422
LMU-2503-243,Limpador Multiuso Alcalino,0,0.0006161418993464811,0.0005867351268777051,0.00030340320801154196,-0.0014533650173979278,0.0059999999999999975,0.0029999999999999988,-0.005304251888313654,0.0281558601374862,0.014077569379614695,-0.0014656708817788232,0.06192879572265126,0.024516506831876422
LMU-2503-250,Limpador Multiuso Alcalino,0,-0.0002249002800645375,0.0005867351268777051,0.00030340320801154196,-0.0009713146057879491,0.0059999999999999975,0.0029999999999999988,-0.00432572349995762,0.0281558601374862,0.014077569379614695,-0.0017495544428413625,0.06192879572265126,0.024516506831876422
LMU-2503-254,Limpador Multiuso Alcalino,0,-0.0002987354663498318,0.0005867351268777051,0.00030340320801154196,-0.000756174149198004,0.0059999999999999975,0.0029999999999999988,-0.005404820504116047,0.0281558601374862,0.014077569379614695,-0.0026525502843078386,0.06192879572265126,0.024516506831876422
LMU-2503-259,Limpador Multiuso Alcalino,0,-0.0009441568361198709,0.0005867351268777051,0.00030340320801154196,-0.0006509377917338914,0.0059999999999999975,0.0029999999999999988,-0.005818552151404537,0.0281558601374862,0.014077569379614695,-0.0018441822965288913,0.06192879572265126,0.024516506831876422
LMU-2503-262,Limpador Multiuso Alcalino,0,5.6437240091620496e-05,0.0005867351268777051,0.00030340320801154196,-0.0013022999236187941,0.0059999999999999975,0.0029999999999999988,-0.007479419502673343,0.0281558601374862,0.014077569379614695,-0.0023096834422472816,0.06192879572265126,0.024516506831876422
LMU-2504-267,Limpador Multiuso Alcalino,0,-0.0003055249087668905,0.0005867351268777051,0.00030340320801154196,-0.0013235169311721026,0.0059999999999999975,0.0029999999999999988,-0.005877111092251511,0.0281558601374862,0.014077569379614695,-0.0018912840532971187,0.06192879572265126,0.024516506831876422
LMU-2504-268,Limpador Multiuso Alcalino,0,-0.0003670542306713207,0.0005867351268777051,0.00030340320801154196,-0.000890265636934522,0.0059999999999999975,0.0029999999999999988,-0.005673852159891372,0.0281558601374862,0.014077569379614695,-0.0019154714419078044,0.06192879572265126,0.024516506831876422
LMU-2505-286,Limpador Multiuso Alcalino,0,-0.0003224985148095217,0.0005867351268777051,0.00030340320801154196,-0.0018327251124501127,0.0059999999999999975,0.0029999999999999988,-0.005828311974879082,0.0281558601374862,0.014077569379614695,-0.002733174913010301,0.06192879572265126,0.024516506831876422
LMU-2506-292,Limpador Multiuso Alcalino,0,0.0007268946787745557,0.0005867351268777051,0.00030340320801154196,-0.00067979292200625,0.0059999999999999975,0.0029999999999999988,-0.005154884155138769,0.0281558601374862,0.014077569379614695,-0.0025324620215564963,0.06192879572265126,0.024516506831876422
LMU-2506-299,Limpador Multiuso Alcalino,0,-0.00031061699057963757,0.0005867351268777051,0.00030340320801154196,-0.0006458457099210348,0.0059999999999999975,0.0029999999999999988,-0.0063273359925316444,0.0281558601374862,0.014077569379614695,-0.0020308919629974894,0.06192879572265126,0.024516506831876422
