feature,importancia_media,importancia_dp
d0_centrifugacao_score,0.08847222222222223,0.0541766372589824
d0_densidade_g_cm3,0.024722222222222243,0.014491110514747205
d0_residuo_ph,0.0213888888888889,0.01253390463630941
produto_familia,0.01895833333333336,0.015084158203350436
d0_ph,0.016041666666666694,0.03476587533721773
d0_estufa50_score,0.01381944444444445,0.023962761265537334
d0_aspecto_score,0.011736111111111124,0.013049089710931968
d0_residuo_densidade,0.008125000000000012,0.011516267680819859
d0_odor_conforme,0.0,0.0
d0_cor_score,-0.0021527777777777665,0.003293307139272037
d0_delta_e_liberacao,-0.002430555555555525,0.011773854495931156
d0_agitacao_score,-0.007361111111111107,0.01122854607300427
fornecedor_tensoativo,-0.01763888888888889,0.017126751509960965
