mes,n_ph01,n_ph02,mediana_ph01,mediana_ph02,diferenca,p_valor,significativo
2024-01,7,3,-0.03000000000000025,-0.049999999999998934,-0.019999999999998685,0.8333333333333333,False
2024-02,9,10,0.05000000000000071,0.050000000000000266,-4.440892098500626e-16,0.6532367441100604,False
2024-03,8,7,-0.17999999999999972,0.0,0.17999999999999972,0.036903953613718184,False
2024-04,8,9,-0.13999999999999968,0.03000000000000025,0.16999999999999993,0.13879062114356233,False
2024-05,6,4,-0.0050000000000001155,-0.024999999999999023,-0.019999999999998908,1.0,False
2024-06,6,11,0.01500000000000079,0.0,-0.01500000000000079,0.8014943900173936,False
2024-07,11,5,0.13000000000000078,0.030000000000001137,-0.09999999999999964,0.5708105627851758,False
2024-08,7,8,-0.11000000000000032,-0.02499999999999991,0.08500000000000041,0.151981351981352,False
2024-09,15,14,-0.09999999999999964,0.4500000000000006,0.5500000000000003,1.1507284063277234e-05,True
2024-10,11,5,0.10999999999999988,0.33000000000000007,0.2200000000000002,0.1119372807980973,False
2024-11,6,12,-0.1349999999999998,0.21999999999999997,0.35499999999999976,0.004935580915926395,False
2024-12,6,10,-0.030000000000000027,0.16500000000000004,0.19500000000000006,0.6353646353646354,False
2025-01,14,9,0.04999999999999982,-0.08000000000000007,-0.1299999999999999,0.3777037804074247,False
2025-02,5,10,0.05000000000000071,-0.004999999999999893,-0.055000000000000604,0.19804833466253047,False
2025-03,10,12,-0.04999999999999982,0.10000000000000053,0.15000000000000036,0.5095319214757441,False
2025-04,7,5,0.1200000000000001,-0.040000000000000036,-0.16000000000000014,0.29030734391519175,False
2025-05,6,8,-0.02000000000000024,0.020000000000000018,0.04000000000000026,1.0,False
2025-06,6,6,-0.06500000000000017,-0.040000000000000036,0.025000000000000133,0.9372294372294373,False
