janela,primeiro_mes,ultimo_mes,n_ph01,n_ph02,diferenca,p_valor,significativo
2024-01 a 2024-03,2024-01,2024-03,24,20,0.05500000000000016,0.6972726766249749,False
2024-02 a 2024-04,2024-02,2024-04,25,26,0.0950000000000002,0.14157260783131934,False
2024-03 a 2024-05,2024-03,2024-05,22,20,0.12000000000000055,0.0284171506733533,False
2024-04 a 2024-06,2024-04,2024-06,20,24,0.05500000000000038,0.2480478843189775,False
2024-05 a 2024-07,2024-05,2024-07,23,20,-0.06999999999999895,0.26778269902087815,False
2024-06 a 2024-08,2024-06,2024-08,24,24,-0.06999999999999984,0.6278845188301567,False
2024-07 a 2024-09,2024-07,2024-09,33,27,0.2699999999999996,9.291663482796075e-05,True
2024-08 a 2024-10,2024-08,2024-10,33,27,0.36999999999999966,2.85101706432682e-06,True
2024-09 a 2024-11,2024-09,2024-11,32,31,0.42500000000000027,1.678623710414979e-07,True
2024-10 a 2024-12,2024-10,2024-12,23,27,0.28000000000000025,0.00786891395074231,False
2024-11 a 2025-01,2024-11,2025-01,26,31,0.14000000000000012,0.08640806503305781,False
2024-12 a 2025-02,2024-12,2025-02,25,29,-0.0600000000000005,0.4504153142846975,False
2025-01 a 2025-03,2025-01,2025-03,29,31,-0.04999999999999982,0.5150445190948479,False
2025-02 a 2025-04,2025-02,2025-04,22,27,0.009999999999999343,0.42123730816304306,False
2025-03 a 2025-05,2025-03,2025-05,23,25,0.08999999999999986,0.9917638152142846,False
2025-04 a 2025-06,2025-04,2025-06,19,19,-0.04999999999999982,0.71510078484932,False
