ano_mes,medicoes,medicoes_ano_anterior,acumulado_no_ano,variacao_vs_ano_anterior,lotes_media_movel_3m
2024-01,96.0,,96,,3.3333
2024-02,397.0,,493,,9.6667
2024-03,979.0,,1472,,14.6667
2024-04,1404.0,,2876,,17.0
2024-05,1399.0,,4275,,14.3333
2024-06,1388.0,,5663,,15.0
2024-07,1532.0,,7195,,15.0
2024-08,1610.0,,8805,,16.6667
2024-09,1697.0,,10502,,20.6667
2024-10,2234.0,,12736,,20.3333
2024-11,2014.0,,14750,,21.0
2024-12,2043.0,,16793,,16.6667
2025-01,1726.0,96.0,1726,16.9792,19.0
2025-02,1271.0,397.0,2997,2.2015,18.0
2025-03,1745.0,979.0,4742,0.7824,20.3333
2025-04,2033.0,1404.0,6775,0.448,16.6667
2025-05,2002.0,1399.0,8777,0.431,16.3333
2025-06,1523.0,1388.0,10300,0.0973,12.6667
2025-07,1248.0,1532.0,11548,-0.1854,8.6667
2025-08,624.0,1610.0,12172,-0.6124,4.0
2025-09,336.0,1697.0,12508,-0.802,
2025-10,120.0,2234.0,12628,-0.9463,
2025-11,,2014.0,12628,,
2025-12,,2043.0,12628,,
