ano_mes,lotes_iniciados_coorte,sobreviventes_coorte,medicoes_realizadas,dias_camara,ocupacao_ultimo_dia_com_dado,pico_ocupacao
2024-01,10,7,96,77,8,8
2024-02,19,9,397,571,42,42
2024-03,15,3,979,1909,95,95
2024-04,17,8,1404,3241,123,123
2024-05,11,4,1399,4182,133,142
2024-06,17,10,1388,3944,114,143
2024-07,17,9,1532,4132,145,146
2024-08,16,5,1610,4153,143,143
2024-09,29,14,1697,4617,161,161
2024-10,16,7,2234,5335,185,185
2024-11,18,6,2014,5596,183,196
2024-12,16,2,2043,5932,180,197
2025-01,23,10,1726,4633,124,177
2025-02,15,8,1271,3559,131,139
2025-03,23,11,1745,4160,145,146
2025-04,12,3,2033,5215,189,189
2025-05,14,6,2002,5804,175,199
2025-06,12,5,1523,5040,156,181
2025-07,0,0,1248,3350,84,152
2025-08,0,0,624,2060,56,84
2025-09,0,0,336,1044,20,52
2025-10,0,0,120,316,4,20
