medida,contexto,valor_esperado,formato
Lotes iniciados,sem filtro,300.0,inteiro
Lotes aprovados no Estagio 1,sem filtro,241.0,inteiro
Lotes que chegaram ao Estagio 3,sem filtro,199.0,inteiro
Sobreviventes 90d,sem filtro,127.0,inteiro
Taxa cumulativa 90d,sem filtro,0.42333333333333334,percentual
Taxa condicional 90d,sem filtro,0.6381909547738693,percentual
Lotes por estagio_final,Aprovado aos 90 dias,127.0,inteiro
Lotes por estagio_final,Reprovado na Estabilidade Acelerada,72.0,inteiro
Lotes por estagio_final,Reprovado no Teste Inicial,59.0,inteiro
Lotes por estagio_final,Reprovado na Estabilidade Preliminar,42.0,inteiro
Lotes iniciados,fornecedor=FOR-A,116.0,inteiro
Taxa cumulativa 90d,fornecedor=FOR-A,0.3620689655172414,percentual
Lotes iniciados,fornecedor=FOR-B,87.0,inteiro
Taxa cumulativa 90d,fornecedor=FOR-B,0.3218390804597701,percentual
Lotes iniciados,fornecedor=FOR-C,97.0,inteiro
Taxa cumulativa 90d,fornecedor=FOR-C,0.5876288659793815,percentual
Taxa cumulativa 90d,familia=Alvejante Liquido sem Cloro,0.26666666666666666,percentual
Taxa condicional 90d,familia=Alvejante Liquido sem Cloro,0.48,percentual
Taxa cumulativa 90d,familia=Amaciante de Roupas (esterquat),0.3333333333333333,percentual
Taxa condicional 90d,familia=Amaciante de Roupas (esterquat),0.45454545454545453,percentual
Taxa cumulativa 90d,familia=Desinfetante Quaternario Concentrado,0.49019607843137253,percentual
Taxa condicional 90d,familia=Desinfetante Quaternario Concentrado,0.7142857142857143,percentual
Taxa cumulativa 90d,familia=Detergente Liquido Lava-Loucas,0.5263157894736842,percentual
Taxa condicional 90d,familia=Detergente Liquido Lava-Loucas,0.6818181818181818,percentual
Taxa cumulativa 90d,familia=Detergente Liquido para Roupas,0.5471698113207547,percentual
Taxa condicional 90d,familia=Detergente Liquido para Roupas,0.7837837837837838,percentual
Taxa cumulativa 90d,familia=Limpador Multiuso Alcalino,0.32653061224489793,percentual
Taxa condicional 90d,familia=Limpador Multiuso Alcalino,0.64,percentual
Medicoes realizadas,sem filtro,29421.0,inteiro
Medicoes julgaveis,sem filtro,24651.0,inteiro
Medicoes OOS,sem filtro,355.0,inteiro
% OOS,sem filtro,0.01440103849742404,percentual
Medicoes invalidas (impossiveis),sem filtro,8.0,inteiro
Lotes com algum OOS (coluna calculada + contexto de linha),sem filtro,179.0,inteiro
Lotes reprovados,sem filtro (contraste: OOS de medicao != reprovacao de lote),173.0,inteiro
Medicoes OOS,estagio=1,76.0,inteiro
Medicoes OOS,estagio=2,60.0,inteiro
Medicoes OOS,estagio=3,219.0,inteiro
pH medio,"ensaio=ph, sem invalidos",6.965550651534257,decimal
pH desvio-padrao,"ensaio=ph, sem invalidos",2.49036402819231,decimal
Desvio medio do pH vs alvo,instrumento=N/D,-0.09854325414612265,decimal
Desvio medio do pH vs alvo,instrumento=PH-01,0.017516778523490126,decimal
Desvio medio do pH vs alvo,instrumento=PH-02,0.08693877551020426,decimal
Desvio medio do pH vs alvo,sem filtro,-0.08917822614543909,decimal
pH medio,familia=Alvejante Liquido sem Cloro,4.043592715231788,decimal
pH desvio-padrao,familia=Alvejante Liquido sem Cloro,0.22587035938858097,decimal
pH medio,familia=Amaciante de Roupas (esterquat),3.0731701030927834,decimal
pH desvio-padrao,familia=Amaciante de Roupas (esterquat),0.26814007303933096,decimal
pH medio,familia=Desinfetante Quaternario Concentrado,6.9486961722488045,decimal
pH desvio-padrao,familia=Desinfetante Quaternario Concentrado,0.2119729923700489,decimal
pH medio,familia=Detergente Liquido Lava-Loucas,7.529807877041306,decimal
pH desvio-padrao,familia=Detergente Liquido Lava-Loucas,0.24266422190289758,decimal
pH medio,familia=Detergente Liquido para Roupas,9.512070534698521,decimal
pH desvio-padrao,familia=Detergente Liquido para Roupas,0.24670777957815493,decimal
pH medio,familia=Limpador Multiuso Alcalino,10.13863344051447,decimal
pH desvio-padrao,familia=Limpador Multiuso Alcalino,0.2995217294019868,decimal
Dias-camara,sem filtro,78870.0,inteiro
Dias-camara desperdicados,lotes reprovados,29340.0,inteiro
% dias-camara desperdicados,sem filtro,0.3720045644731837,percentual
Custo desperdicado (R$) - PREMISSA R$ 50/dia-camara,"parametro=50, ilustrativo",1467000.0,inteiro
Pico de ocupacao (camaras/dia),sem filtro,199.0,inteiro
Data do pico de ocupacao,2025-05-15,199.0,inteiro
