lote,produto_sigla,produto_familia,classificacao_anvisa,fornecedor_tensoativo,data_inicio_teste,ph_alvo,densidade_alvo,status_estagio1,status_estagio2,status_estagio3_90d,fotoestabilidade_90d,estagio_final,estagio_final_ordem,sobreviveu_90d,chegou_ao_estagio3
ALV-2401-003,ALV,Alvejante Liquido sem Cloro,Risco 1,FOR-C,2024-01-19,4.2,1.045,Aprovado,Aprovado,Aprovado,Conforme,Aprovado aos 90 dias,4,true,true
ALV-2401-005,ALV,Alvejante Liquido sem Cloro,Risco 1,FOR-A,2024-01-20,4.2,1.045,Aprovado,Aprovado,Aprovado,Conforme,Aprovado aos 90 dias,4,true,true
ALV-2402-021,ALV,Alvejante Liquido sem Cloro,Risco 1,FOR-A,2024-02-24,4.2,1.045,Aprovado,Aprovado,Aprovado,Nao conforme,Aprovado aos 90 dias,4,true,true
ALV-2403-030,ALV,Alvejante Liquido sem Cloro,Risco 1,FOR-B,2024-03-03,4.2,1.045,Aprovado,Reprovado,Nao avaliado,Nao avaliado,Reprovado na Estabilidade Preliminar,2,false,false
ALV-2403-031,ALV,Alvejante Liquido sem Cloro,Risco 1,FOR-A,2024-03-05,4.2,1.045,Aprovado,Reprovado,Nao avaliado,Nao avaliado,Reprovado na Estabilidade Preliminar,2,false,false
ALV-2403-036,ALV,Alvejante Liquido sem Cloro,Risco 1,FOR-B,2024-03-17,4.2,1.045,Aprovado,Aprovado,Aprovado,Conforme,Aprovado aos 90 dias,4,true,true
ALV-2403-037,ALV,Alvejante Liquido sem Cloro,Risco 1,FOR-A,2024-03-18,4.2,1.045,Aprovado,Reprovado,Nao avaliado,Nao avaliado,Reprovado na Estabilidade Preliminar,2,false,false
ALV-2403-038,ALV,Alvejante Liquido sem Cloro,Risco 1,FOR-B,2024-03-23,4.2,1.045,Reprovado,Nao avaliado,Nao avaliado,Nao avaliado,Reprovado no Teste Inicial,1,false,false
ALV-2403-040,ALV,Alvejante Liquido sem Cloro,Risco 1,FOR-C,2024-03-23,4.2,1.045,Reprovado,Nao avaliado,Nao avaliado,Nao avaliado,Reprovado no Teste Inicial,1,false,false
ALV-2404-052,ALV,Alvejante Liquido sem Cloro,Risco 1,FOR-A,2024-04-11,4.2,1.045,Reprovado,Nao avaliado,Nao avaliado,Nao avaliado,Reprovado no Teste Inicial,1,false,false
ALV-2404-058,ALV,Alvejante Liquido sem Cloro,Risco 1,FOR-A,2024-04-22,4.2,1.045,Aprovado,Reprovado,Nao avaliado,Nao avaliado,Reprovado na Estabilidade Preliminar,2,false,false
ALV-2404-061,ALV,Alvejante Liquido sem Cloro,Risco 1,FOR-C,2024-04-26,4.2,1.045,Aprovado,Aprovado,Aprovado,Conforme,Aprovado aos 90 dias,4,true,true
ALV-2406-074,ALV,Alvejante Liquido sem Cloro,Risco 1,FOR-A,2024-06-04,4.2,1.045,Aprovado,Aprovado,Reprovado,Conforme,Reprovado na Estabilidade Acelerada,3,false,true
ALV-2406-076,ALV,Alvejante Liquido sem Cloro,Risco 1,FOR-C,2024-06-05,4.2,1.045,Aprovado,Aprovado,Aprovado,Conforme,Aprovado aos 90 dias,4,true,true
ALV-2406-079,ALV,Alvejante Liquido sem Cloro,Risco 1,FOR-A,2024-06-09,4.2,1.045,Aprovado,Aprovado,Reprovado,Conforme,Reprovado na Estabilidade Acelerada,3,false,true
ALV-2406-080,ALV,Alvejante Liquido sem Cloro,Risco 1,FOR-C,2024-06-11,4.2,1.045,Reprovado,Nao avaliado,Nao avaliado,Nao avaliado,Reprovado no Teste Inicial,1,false,false
ALV-2406-084,ALV,Alvejante Liquido sem Cloro,Risco 1,FOR-B,2024-06-18,4.2,1.045,Reprovado,Nao avaliado,Nao avaliado,Nao avaliado,Reprovado no Teste Inicial,1,false,false
ALV-2406-088,ALV,Alvejante Liquido sem Cloro,Risco 1,FOR-A,2024-06-24,4.2,1.045,Aprovado,Aprovado,Aprovado,Conforme,Aprovado aos 90 dias,4,true,true
ALV-2406-089,ALV,Alvejante Liquido sem Cloro,Risco 1,FOR-A,2024-06-29,4.2,1.045,Aprovado,Aprovado,Aprovado,Nao conforme,Aprovado aos 90 dias,4,true,true
ALV-2407-090,ALV,Alvejante Liquido sem Cloro,Risco 1,FOR-B,2024-07-01,4.2,1.045,Aprovado,Aprovado,Aprovado,Conforme,Aprovado aos 90 dias,4,true,true
ALV-2407-096,ALV,Alvejante Liquido sem Cloro,Risco 1,FOR-A,2024-07-10,4.2,1.045,Reprovado,Nao avaliado,Nao avaliado,Nao avaliado,Reprovado no Teste Inicial,1,false,false
ALV-2407-099,ALV,Alvejante Liquido sem Cloro,Risco 1,FOR-C,2024-07-17,4.2,1.045,Aprovado,Aprovado,Aprovado,Conforme,Aprovado aos 90 dias,4,true,true
ALV-2408-108,ALV,Alvejante Liquido sem Cloro,Risco 1,FOR-A,2024-08-12,4.2,1.045,Aprovado,Aprovado,Reprovado,Conforme,Reprovado na Estabilidade Acelerada,3,false,true
ALV-2408-113,ALV,Alvejante Liquido sem Cloro,Risco 1,FOR-A,2024-08-19,4.2,1.045,Aprovado,Aprovado,Reprovado,Conforme,Reprovado na Estabilidade Acelerada,3,false,true
ALV-2408-121,ALV,Alvejante Liquido sem Cloro,Risco 1,FOR-A,2024-08-31,4.2,1.045,Reprovado,Nao avaliado,Nao avaliado,Nao avaliado,Reprovado no Teste Inicial,1,false,false
ALV-2409-141,ALV,Alvejante Liquido sem Cloro,Risco 1,FOR-C,2024-09-16,4.2,1.045,Aprovado,Aprovado,Reprovado,Conforme,Reprovado na Estabilidade Acelerada,3,false,true
ALV-2410-157,ALV,Alvejante Liquido sem Cloro,Risco 1,FOR-A,2024-10-04,4.2,1.045,Aprovado,Aprovado,Aprovado,Conforme,Aprovado aos 90 dias,4,true,true
ALV-2411-174,ALV,Alvejante Liquido sem Cloro,Risco 1,FOR-A,2024-11-08,4.2,1.045,Aprovado,Reprovado,Nao avaliado,Nao avaliado,Reprovado na Estabilidade Preliminar,2,false,false
ALV-2411-176,ALV,Alvejante Liquido sem Cloro,Risco 1,FOR-C,2024-11-10,4.2,1.045,Aprovado,Aprovado,Reprovado,Conforme,Reprovado na Estabilidade Acelerada,3,false,true
ALV-2411-183,ALV,Alvejante Liquido sem Cloro,Risco 1,FOR-C,2024-11-22,4.2,1.045,Aprovado,Aprovado,Reprovado,Conforme,Reprovado na Estabilidade Acelerada,3,false,true
ALV-2412-188,ALV,Alvejante Liquido sem Cloro,Risco 1,FOR-A,2024-12-12,4.2,1.045,Reprovado,Nao avaliado,Nao avaliado,Nao avaliado,Reprovado no Teste Inicial,1,false,false
ALV-2412-190,ALV,Alvejante Liquido sem Cloro,Risco 1,FOR-C,2024-12-13,4.2,1.045,Aprovado,Aprovado,Reprovado,Conforme,Reprovado na Estabilidade Acelerada,3,false,true
ALV-2501-206,ALV,Alvejante Liquido sem Cloro,Risco 1,FOR-C,2025-01-07,4.2,1.045,Reprovado,Nao avaliado,Nao avaliado,Nao avaliado,Reprovado no Teste Inicial,1,false,false
ALV-2501-210,ALV,Alvejante Liquido sem Cloro,Risco 1,FOR-A,2025-01-11,4.2,1.045,Reprovado,Nao avaliado,Nao avaliado,Nao avaliado,Reprovado no Teste Inicial,1,false,false
ALV-2501-219,ALV,Alvejante Liquido sem Cloro,Risco 1,FOR-B,2025-01-22,4.2,1.045,Reprovado,Nao avaliado,Nao avaliado,Nao avaliado,Reprovado no Teste Inicial,1,false,false
ALV-2502-236,ALV,Alvejante Liquido sem Cloro,Risco 1,FOR-C,2025-02-24,4.2,1.045,Aprovado,Aprovado,Reprovado,Nao conforme,Reprovado na Estabilidade Acelerada,3,false,true
ALV-2502-237,ALV,Alvejante Liquido sem Cloro,Risco 1,FOR-C,2025-02-25,4.2,1.045,Reprovado,Nao avaliado,Nao avaliado,Nao avaliado,Reprovado no Teste Inicial,1,false,false
ALV-2503-243,ALV,Alvejante Liquido sem Cloro,Risco 1,FOR-C,2025-03-04,4.2,1.045,Aprovado,Aprovado,Reprovado,Nao conforme,Reprovado na Estabilidade Acelerada,3,false,true
ALV-2503-257,ALV,Alvejante Liquido sem Cloro,Risco 1,FOR-B,2025-03-19,4.2,1.045,Reprovado,Nao avaliado,Nao avaliado,Nao avaliado,Reprovado no Teste Inicial,1,false,false
ALV-2503-258,ALV,Alvejante Liquido sem Cloro,Risco 1,FOR-B,2025-03-19,4.2,1.045,Aprovado,Aprovado,Aprovado,Conforme,Aprovado aos 90 dias,4,true,true
ALV-2504-267,ALV,Alvejante Liquido sem Cloro,Risco 1,FOR-A,2025-04-06,4.2,1.045,Aprovado,Aprovado,Reprovado,Nao conforme,Reprovado na Estabilidade Acelerada,3,false,true
ALV-2504-270,ALV,Alvejante Liquido sem Cloro,Risco 1,FOR-B,2025-04-13,4.2,1.045,Aprovado,Aprovado,Reprovado,Conforme,Reprovado na Estabilidade Acelerada,3,false,true
ALV-2504-271,ALV,Alvejante Liquido sem Cloro,Risco 1,FOR-B,2025-04-14,4.2,1.045,Reprovado,Nao avaliado,Nao avaliado,Nao avaliado,Reprovado no Teste Inicial,1,false,false
ALV-2505-277,ALV,Alvejante Liquido sem Cloro,Risco 1,FOR-A,2025-05-06,4.2,1.045,Aprovado,Aprovado,Reprovado,Conforme,Reprovado na Estabilidade Acelerada,3,false,true
ALV-2505-288,ALV,Alvejante Liquido sem Cloro,Risco 1,FOR-C,2025-05-29,4.2,1.045,Reprovado,Nao avaliado,Nao avaliado,Nao avaliado,Reprovado no Teste Inicial,1,false,false
AMA-2401-007,AMA,Amaciante de Roupas (esterquat),Risco 1,FOR-A,2024-01-26,3.2,0.996,Aprovado,Aprovado,Aprovado,Conforme,Aprovado aos 90 dias,4,true,true
AMA-2401-010,AMA,Amaciante de Roupas (esterquat),Risco 1,FOR-A,2024-01-31,3.2,0.996,Aprovado,Aprovado,Aprovado,Conforme,Aprovado aos 90 dias,4,true,true
AMA-2402-012,AMA,Amaciante de Roupas (esterquat),Risco 1,FOR-A,2024-02-11,3.2,0.996,Aprovado,Aprovado,Reprovado,Conforme,Reprovado na Estabilidade Acelerada,3,false,true
AMA-2402-015,AMA,Amaciante de Roupas (esterquat),Risco 1,FOR-A,2024-02-18,3.2,0.996,Aprovado,Reprovado,Nao avaliado,Nao avaliado,Reprovado na Estabilidade Preliminar,2,false,false
AMA-2402-020,AMA,Amaciante de Roupas (esterquat),Risco 1,FOR-A,2024-02-23,3.2,0.996,Aprovado,Aprovado,Aprovado,Conforme,Aprovado aos 90 dias,4,true,true
AMA-2403-043,AMA,Amaciante de Roupas (esterquat),Risco 1,FOR-C,2024-03-30,3.2,0.996,Aprovado,Aprovado,Reprovado,Conforme,Reprovado na Estabilidade Acelerada,3,false,true
AMA-2405-064,AMA,Amaciante de Roupas (esterquat),Risco 1,FOR-B,2024-05-09,3.2,0.996,Reprovado,Nao avaliado,Nao avaliado,Nao avaliado,Reprovado no Teste Inicial,1,false,false
AMA-2405-067,AMA,Amaciante de Roupas (esterquat),Risco 1,FOR-B,2024-05-16,3.2,0.996,Aprovado,Aprovado,Aprovado,Conforme,Aprovado aos 90 dias,4,true,true
AMA-2405-068,AMA,Amaciante de Roupas (esterquat),Risco 1,FOR-A,2024-05-19,3.2,0.996,Aprovado,Aprovado,Reprovado,Conforme,Reprovado na Estabilidade Acelerada,3,false,true
AMA-2405-069,AMA,Amaciante de Roupas (esterquat),Risco 1,FOR-A,2024-05-28,3.2,0.996,Aprovado,Aprovado,Reprovado,Conforme,Reprovado na Estabilidade Acelerada,3,false,true
AMA-2406-087,AMA,Amaciante de Roupas (esterquat),Risco 1,FOR-A,2024-06-22,3.2,0.996,Aprovado,Aprovado,Aprovado,Conforme,Aprovado aos 90 dias,4,true,true
AMA-2407-103,AMA,Amaciante de Roupas (esterquat),Risco 1,FOR-A,2024-07-23,3.2,0.996,Aprovado,Aprovado,Aprovado,Conforme,Aprovado aos 90 dias,4,true,true
AMA-2407-105,AMA,Amaciante de Roupas (esterquat),Risco 1,FOR-A,2024-07-26,3.2,0.996,Aprovado,Aprovado,Reprovado,Conforme,Reprovado na Estabilidade Acelerada,3,false,true
AMA-2407-106,AMA,Amaciante de Roupas (esterquat),Risco 1,FOR-A,2024-07-31,3.2,0.996,Aprovado,Aprovado,Reprovado,Conforme,Reprovado na Estabilidade Acelerada,3,false,true
AMA-2408-109,AMA,Amaciante de Roupas (esterquat),Risco 1,FOR-A,2024-08-14,3.2,0.996,Reprovado,Nao avaliado,Nao avaliado,Nao avaliado,Reprovado no Teste Inicial,1,false,false
AMA-2408-111,AMA,Amaciante de Roupas (esterquat),Risco 1,FOR-B,2024-08-15,3.2,0.996,Reprovado,Nao avaliado,Nao avaliado,Nao avaliado,Reprovado no Teste Inicial,1,false,false
AMA-2409-124,AMA,Amaciante de Roupas (esterquat),Risco 1,FOR-C,2024-09-01,3.2,0.996,Aprovado,Aprovado,Aprovado,Conforme,Aprovado aos 90 dias,4,true,true
AMA-2409-126,AMA,Amaciante de Roupas (esterquat),Risco 1,FOR-C,2024-09-03,3.2,0.996,Aprovado,Aprovado,Reprovado,Nao conforme,Reprovado na Estabilidade Acelerada,3,false,true
AMA-2409-136,AMA,Amaciante de Roupas (esterquat),Risco 1,FOR-B,2024-09-11,3.2,0.996,Aprovado,Aprovado,Reprovado,Conforme,Reprovado na Estabilidade Acelerada,3,false,true
AMA-2409-143,AMA,Amaciante de Roupas (esterquat),Risco 1,FOR-B,2024-09-18,3.2,0.996,Reprovado,Nao avaliado,Nao avaliado,Nao avaliado,Reprovado no Teste Inicial,1,false,false
AMA-2409-145,AMA,Amaciante de Roupas (esterquat),Risco 1,FOR-B,2024-09-19,3.2,0.996,Aprovado,Reprovado,Nao avaliado,Nao avaliado,Reprovado na Estabilidade Preliminar,2,false,false
AMA-2409-146,AMA,Amaciante de Roupas (esterquat),Risco 1,FOR-A,2024-09-20,3.2,0.996,Aprovado,Aprovado,Reprovado,Nao conforme,Reprovado na Estabilidade Acelerada,3,false,true
AMA-2409-151,AMA,Amaciante de Roupas (esterquat),Risco 1,FOR-B,2024-09-30,3.2,0.996,Aprovado,Aprovado,Reprovado,Nao conforme,Reprovado na Estabilidade Acelerada,3,false,true
AMA-2410-166,AMA,Amaciante de Roupas (esterquat),Risco 1,FOR-B,2024-10-29,3.2,0.996,Aprovado,Aprovado,Aprovado,Conforme,Aprovado aos 90 dias,4,true,true
AMA-2411-184,AMA,Amaciante de Roupas (esterquat),Risco 1,FOR-B,2024-11-28,3.2,0.996,Aprovado,Aprovado,Reprovado,Conforme,Reprovado na Estabilidade Acelerada,3,false,true
AMA-2412-186,AMA,Amaciante de Roupas (esterquat),Risco 1,FOR-A,2024-12-03,3.2,0.996,Aprovado,Aprovado,Aprovado,Conforme,Aprovado aos 90 dias,4,true,true
AMA-2412-191,AMA,Amaciante de Roupas (esterquat),Risco 1,FOR-C,2024-12-14,3.2,0.996,Aprovado,Aprovado,Reprovado,Conforme,Reprovado na Estabilidade Acelerada,3,false,true
AMA-2412-192,AMA,Amaciante de Roupas (esterquat),Risco 1,FOR-C,2024-12-15,3.2,0.996,Aprovado,Aprovado,Aprovado,Conforme,Aprovado aos 90 dias,4,true,true
AMA-2412-196,AMA,Amaciante de Roupas (esterquat),Risco 1,FOR-C,2024-12-26,3.2,0.996,Reprovado,Nao avaliado,Nao avaliado,Nao avaliado,Reprovado no Teste Inicial,1,false,false
AMA-2412-200,AMA,Amaciante de Roupas (esterquat),Risco 1,FOR-A,2024-12-31,3.2,0.996,Reprovado,Nao avaliado,Nao avaliado,Nao avaliado,Reprovado no Teste Inicial,1,false,false
AMA-2501-204,AMA,Amaciante de Roupas (esterquat),Risco 1,FOR-C,2025-01-03,3.2,0.996,Reprovado,Nao avaliado,Nao avaliado,Nao avaliado,Reprovado no Teste Inicial,1,false,false
AMA-2501-218,AMA,Amaciante de Roupas (esterquat),Risco 1,FOR-A,2025-01-22,3.2,0.996,Aprovado,Aprovado,Aprovado,Conforme,Aprovado aos 90 dias,4,true,true
AMA-2502-229,AMA,Amaciante de Roupas (esterquat),Risco 1,FOR-B,2025-02-13,3.2,0.996,Aprovado,Aprovado,Reprovado,Conforme,Reprovado na Estabilidade Acelerada,3,false,true
AMA-2502-238,AMA,Amaciante de Roupas (esterquat),Risco 1,FOR-A,2025-02-27,3.2,0.996,Aprovado,Aprovado,Reprovado,Conforme,Reprovado na Estabilidade Acelerada,3,false,true
AMA-2503-246,AMA,Amaciante de Roupas (esterquat),Risco 1,FOR-C,2025-03-06,3.2,0.996,Aprovado,Aprovado,Reprovado,Nao conforme,Reprovado na Estabilidade Acelerada,3,false,true
AMA-2503-251,AMA,Amaciante de Roupas (esterquat),Risco 1,FOR-C,2025-03-11,3.2,0.996,Aprovado,Aprovado,Aprovado,Conforme,Aprovado aos 90 dias,4,true,true
AMA-2503-252,AMA,Amaciante de Roupas (esterquat),Risco 1,FOR-A,2025-03-12,3.2,0.996,Aprovado,Aprovado,Aprovado,Conforme,Aprovado aos 90 dias,4,true,true
AMA-2503-260,AMA,Amaciante de Roupas (esterquat),Risco 1,FOR-A,2025-03-26,3.2,0.996,Aprovado,Aprovado,Reprovado,Conforme,Reprovado na Estabilidade Acelerada,3,false,true
AMA-2504-264,AMA,Amaciante de Roupas (esterquat),Risco 1,FOR-C,2025-04-01,3.2,0.996,Aprovado,Aprovado,Aprovado,Conforme,Aprovado aos 90 dias,4,true,true
AMA-2504-268,AMA,Amaciante de Roupas (esterquat),Risco 1,FOR-C,2025-04-10,3.2,0.996,Aprovado,Aprovado,Reprovado,Conforme,Reprovado na Estabilidade Acelerada,3,false,true
AMA-2504-272,AMA,Amaciante de Roupas (esterquat),Risco 1,FOR-B,2025-04-14,3.2,0.996,Aprovado,Reprovado,Nao avaliado,Nao avaliado,Reprovado na Estabilidade Preliminar,2,false,false
AMA-2505-275,AMA,Amaciante de Roupas (esterquat),Risco 1,FOR-C,2025-05-01,3.2,0.996,Aprovado,Aprovado,Reprovado,Conforme,Reprovado na Estabilidade Acelerada,3,false,true
AMA-2505-282,AMA,Amaciante de Roupas (esterquat),Risco 1,FOR-B,2025-05-17,3.2,0.996,Reprovado,Nao avaliado,Nao avaliado,Nao avaliado,Reprovado no Teste Inicial,1,false,false
AMA-2506-291,AMA,Amaciante de Roupas (esterquat),Risco 1,FOR-A,2025-06-09,3.2,0.996,Reprovado,Nao avaliado,Nao avaliado,Nao avaliado,Reprovado no Teste Inicial,1,false,false
AMA-2506-294,AMA,Amaciante de Roupas (esterquat),Risco 1,FOR-A,2025-06-14,3.2,0.996,Aprovado,Aprovado,Aprovado,Conforme,Aprovado aos 90 dias,4,true,true
DES-2402-013,DES,Desinfetante Quaternario Concentrado,Risco 2,FOR-B,2024-02-12,7.0,1.005,Aprovado,Aprovado,Reprovado,Conforme,Reprovado na Estabilidade Acelerada,3,false,true
DES-2402-027,DES,Desinfetante Quaternario Concentrado,Risco 2,FOR-C,2024-02-28,7.0,1.005,Aprovado,Aprovado,Aprovado,Conforme,Aprovado aos 90 dias,4,true,true
DES-2403-032,DES,Desinfetante Quaternario Concentrado,Risco 2,FOR-A,2024-03-09,7.0,1.005,Aprovado,Aprovado,Reprovado,Nao conforme,Reprovado na Estabilidade Acelerada,3,false,true
DES-2403-034,DES,Desinfetante Quaternario Concentrado,Risco 2,FOR-A,2024-03-16,7.0,1.005,Aprovado,Aprovado,Aprovado,Conforme,Aprovado aos 90 dias,4,true,true
DES-2404-046,DES,Desinfetante Quaternario Concentrado,Risco 2,FOR-A,2024-04-03,7.0,1.005,Aprovado,Reprovado,Nao avaliado,Nao avaliado,Reprovado na Estabilidade Preliminar,2,false,false
DES-2404-054,DES,Desinfetante Quaternario Concentrado,Risco 2,FOR-C,2024-04-13,7.0,1.005,Reprovado,Nao avaliado,Nao avaliado,Nao avaliado,Reprovado no Teste Inicial,1,false,false
DES-2404-056,DES,Desinfetante Quaternario Concentrado,Risco 2,FOR-C,2024-04-18,7.0,1.005,Aprovado,Aprovado,Aprovado,Conforme,Aprovado aos 90 dias,4,true,true
DES-2405-070,DES,Desinfetante Quaternario Concentrado,Risco 2,FOR-B,2024-05-29,7.0,1.005,Aprovado,Aprovado,Reprovado,Nao conforme,Reprovado na Estabilidade Acelerada,3,false,true
DES-2405-072,DES,Desinfetante Quaternario Concentrado,Risco 2,FOR-B,2024-05-31,7.0,1.005,Aprovado,Aprovado,Aprovado,Conforme,Aprovado aos 90 dias,4,true,true
DES-2406-077,DES,Desinfetante Quaternario Concentrado,Risco 2,FOR-A,2024-06-05,7.0,1.005,Aprovado,Aprovado,Aprovado,Conforme,Aprovado aos 90 dias,4,true,true
DES-2407-091,DES,Desinfetante Quaternario Concentrado,Risco 2,FOR-B,2024-07-04,7.0,1.005,Reprovado,Nao avaliado,Nao avaliado,Nao avaliado,Reprovado no Teste Inicial,1,false,false
DES-2407-093,DES,Desinfetante Quaternario Concentrado,Risco 2,FOR-B,2024-07-05,7.0,1.005,Aprovado,Aprovado,Aprovado,Conforme,Aprovado aos 90 dias,4,true,true
DES-2407-094,DES,Desinfetante Quaternario Concentrado,Risco 2,FOR-B,2024-07-06,7.0,1.005,Aprovado,Aprovado,Aprovado,Conforme,Aprovado aos 90 dias,4,true,true
DES-2407-095,DES,Desinfetante Quaternario Concentrado,Risco 2,FOR-C,2024-07-09,7.0,1.005,Reprovado,Nao avaliado,Nao avaliado,Nao avaliado,Reprovado no Teste Inicial,1,false,false
DES-2407-097,DES,Desinfetante Quaternario Concentrado,Risco 2,FOR-A,2024-07-13,7.0,1.005,Aprovado,Aprovado,Aprovado,Conforme,Aprovado aos 90 dias,4,true,true
DES-2407-100,DES,Desinfetante Quaternario Concentrado,Risco 2,FOR-C,2024-07-21,7.0,1.005,Aprovado,Aprovado,Aprovado,Conforme,Aprovado aos 90 dias,4,true,true
DES-2407-104,DES,Desinfetante Quaternario Concentrado,Risco 2,FOR-B,2024-07-26,7.0,1.005,Aprovado,Aprovado,Aprovado,Conforme,Aprovado aos 90 dias,4,true,true
DES-2408-114,DES,Desinfetante Quaternario Concentrado,Risco 2,FOR-B,2024-08-20,7.0,1.005,Aprovado,Reprovado,Nao avaliado,Nao avaliado,Reprovado na Estabilidade Preliminar,2,false,false
DES-2408-117,DES,Desinfetante Quaternario Concentrado,Risco 2,FOR-A,2024-08-28,7.0,1.005,Aprovado,Aprovado,Reprovado,Conforme,Reprovado na Estabilidade Acelerada,3,false,true
DES-2408-120,DES,Desinfetante Quaternario Concentrado,Risco 2,FOR-C,2024-08-30,7.0,1.005,Aprovado,Aprovado,Aprovado,Conforme,Aprovado aos 90 dias,4,true,true
DES-2408-122,DES,Desinfetante Quaternario Concentrado,Risco 2,FOR-A,2024-08-31,7.0,1.005,Aprovado,Reprovado,Nao avaliado,Nao avaliado,Reprovado na Estabilidade Preliminar,2,false,false
DES-2409-130,DES,Desinfetante Quaternario Concentrado,Risco 2,FOR-C,2024-09-05,7.0,1.005,Aprovado,Aprovado,Aprovado,Conforme,Aprovado aos 90 dias,4,true,true
DES-2409-140,DES,Desinfetante Quaternario Concentrado,Risco 2,FOR-B,2024-09-16,7.0,1.005,Aprovado,Reprovado,Nao avaliado,Nao avaliado,Reprovado na Estabilidade Preliminar,2,false,false
DES-2409-149,DES,Desinfetante Quaternario Concentrado,Risco 2,FOR-B,2024-09-28,7.0,1.005,Aprovado,Aprovado,Aprovado,Conforme,Aprovado aos 90 dias,4,true,true
DES-2409-150,DES,Desinfetante Quaternario Concentrado,Risco 2,FOR-A,2024-09-30,7.0,1.005,Aprovado,Aprovado,Aprovado,Conforme,Aprovado aos 90 dias,4,true,true
DES-2410-159,DES,Desinfetante Quaternario Concentrado,Risco 2,FOR-C,2024-10-07,7.0,1.005,Aprovado,Aprovado,Aprovado,Conforme,Aprovado aos 90 dias,4,true,true
DES-2410-161,DES,Desinfetante Quaternario Concentrado,Risco 2,FOR-A,2024-10-15,7.0,1.005,Aprovado,Aprovado,Aprovado,Conforme,Aprovado aos 90 dias,4,true,true
DES-2410-165,DES,Desinfetante Quaternario Concentrado,Risco 2,FOR-A,2024-10-28,7.0,1.005,Aprovado,Aprovado,Reprovado,Conforme,Reprovado na Estabilidade Acelerada,3,false,true
DES-2410-167,DES,Desinfetante Quaternario Concentrado,Risco 2,FOR-C,2024-10-29,7.0,1.005,Aprovado,Aprovado,Aprovado,Conforme,Aprovado aos 90 dias,4,true,true
DES-2411-172,DES,Desinfetante Quaternario Concentrado,Risco 2,FOR-A,2024-11-04,7.0,1.005,Reprovado,Nao avaliado,Nao avaliado,Nao avaliado,Reprovado no Teste Inicial,1,false,false
DES-2411-180,DES,Desinfetante Quaternario Concentrado,Risco 2,FOR-A,2024-11-16,7.0,1.005,Aprovado,Reprovado,Nao avaliado,Nao avaliado,Reprovado na Estabilidade Preliminar,2,false,false
DES-2412-193,DES,Desinfetante Quaternario Concentrado,Risco 2,FOR-A,2024-12-16,7.0,1.005,Aprovado,Reprovado,Nao avaliado,Nao avaliado,Reprovado na Estabilidade Preliminar,2,false,false
DES-2412-197,DES,Desinfetante Quaternario Concentrado,Risco 2,FOR-B,2024-12-26,7.0,1.005,Reprovado,Nao avaliado,Nao avaliado,Nao avaliado,Reprovado no Teste Inicial,1,false,false
DES-2412-199,DES,Desinfetante Quaternario Concentrado,Risco 2,FOR-B,2024-12-30,7.0,1.005,Aprovado,Reprovado,Nao avaliado,Nao avaliado,Reprovado na Estabilidade Preliminar,2,false,false
DES-2501-207,DES,Desinfetante Quaternario Concentrado,Risco 2,FOR-B,2025-01-08,7.0,1.005,Aprovado,Aprovado,Reprovado,Conforme,Reprovado na Estabilidade Acelerada,3,false,true
DES-2501-208,DES,Desinfetante Quaternario Concentrado,Risco 2,FOR-B,2025-01-10,7.0,1.005,Aprovado,Reprovado,Nao avaliado,Nao avaliado,Reprovado na Estabilidade Preliminar,2,false,false
DES-2501-209,DES,Desinfetante Quaternario Concentrado,Risco 2,FOR-A,2025-01-10,7.0,1.005,Reprovado,Nao avaliado,Nao avaliado,Nao avaliado,Reprovado no Teste Inicial,1,false,false
DES-2501-220,DES,Desinfetante Quaternario Concentrado,Risco 2,FOR-A,2025-01-29,7.0,1.005,Aprovado,Aprovado,Aprovado,Conforme,Aprovado aos 90 dias,4,true,true
DES-2501-224,DES,Desinfetante Quaternario Concentrado,Risco 2,FOR-A,2025-01-31,7.0,1.005,Aprovado,Aprovado,Aprovado,Conforme,Aprovado aos 90 dias,4,true,true
DES-2502-225,DES,Desinfetante Quaternario Concentrado,Risco 2,FOR-C,2025-02-01,7.0,1.005,Aprovado,Aprovado,Aprovado,Conforme,Aprovado aos 90 dias,4,true,true
DES-2502-227,DES,Desinfetante Quaternario Concentrado,Risco 2,FOR-A,2025-02-08,7.0,1.005,Aprovado,Aprovado,Aprovado,Conforme,Aprovado aos 90 dias,4,true,true
DES-2502-230,DES,Desinfetante Quaternario Concentrado,Risco 2,FOR-C,2025-02-20,7.0,1.005,Reprovado,Nao avaliado,Nao avaliado,Nao avaliado,Reprovado no Teste Inicial,1,false,false
DES-2502-235,DES,Desinfetante Quaternario Concentrado,Risco 2,FOR-C,2025-02-23,7.0,1.005,Aprovado,Aprovado,Aprovado,Conforme,Aprovado aos 90 dias,4,true,true
DES-2503-242,DES,Desinfetante Quaternario Concentrado,Risco 2,FOR-C,2025-03-04,7.0,1.005,Aprovado,Aprovado,Aprovado,Conforme,Aprovado aos 90 dias,4,true,true
DES-2503-245,DES,Desinfetante Quaternario Concentrado,Risco 2,FOR-A,2025-03-05,7.0,1.005,Aprovado,Aprovado,Reprovado,Conforme,Reprovado na Estabilidade Acelerada,3,false,true
DES-2503-250,DES,Desinfetante Quaternario Concentrado,Risco 2,FOR-A,2025-03-09,7.0,1.005,Aprovado,Aprovado,Reprovado,Conforme,Reprovado na Estabilidade Acelerada,3,false,true
DES-2503-256,DES,Desinfetante Quaternario Concentrado,Risco 2,FOR-B,2025-03-17,7.0,1.005,Aprovado,Aprovado,Reprovado,Conforme,Reprovado na Estabilidade Acelerada,3,false,true
DES-2504-266,DES,Desinfetante Quaternario Concentrado,Risco 2,FOR-A,2025-04-05,7.0,1.005,Reprovado,Nao avaliado,Nao avaliado,Nao avaliado,Reprovado no Teste Inicial,1,false,false
DES-2505-280,DES,Desinfetante Quaternario Concentrado,Risco 2,FOR-C,2025-05-10,7.0,1.005,Aprovado,Aprovado,Reprovado,Conforme,Reprovado na Estabilidade Acelerada,3,false,true
DES-2505-287,DES,Desinfetante Quaternario Concentrado,Risco 2,FOR-C,2025-05-28,7.0,1.005,Aprovado,Aprovado,Aprovado,Conforme,Aprovado aos 90 dias,4,true,true
DES-2506-289,DES,Desinfetante Quaternario Concentrado,Risco 2,FOR-B,2025-06-06,7.0,1.005,Aprovado,Aprovado,Aprovado,Conforme,Aprovado aos 90 dias,4,true,true
DLL-2401-002,DLL,Detergente Liquido Lava-Loucas,Risco 1,FOR-B,2024-01-18,7.6,1.032,Aprovado,Aprovado,Aprovado,Conforme,Aprovado aos 90 dias,4,true,true
DLL-2401-004,DLL,Detergente Liquido Lava-Loucas,Risco 1,FOR-C,2024-01-20,7.6,1.032,Reprovado,Nao avaliado,Nao avaliado,Nao avaliado,Reprovado no Teste Inicial,1,false,false
DLL-2402-019,DLL,Detergente Liquido Lava-Loucas,Risco 1,FOR-C,2024-02-22,7.6,1.032,Aprovado,Aprovado,Aprovado,Conforme,Aprovado aos 90 dias,4,true,true
DLL-2402-023,DLL,Detergente Liquido Lava-Loucas,Risco 1,FOR-B,2024-02-25,7.6,1.032,Aprovado,Aprovado,Aprovado,Conforme,Aprovado aos 90 dias,4,true,true
DLL-2402-025,DLL,Detergente Liquido Lava-Loucas,Risco 1,FOR-A,2024-02-26,7.6,1.032,Aprovado,Aprovado,Reprovado,Conforme,Reprovado na Estabilidade Acelerada,3,false,true
DLL-2402-026,DLL,Detergente Liquido Lava-Loucas,Risco 1,FOR-B,2024-02-27,7.6,1.032,Aprovado,Aprovado,Aprovado,Conforme,Aprovado aos 90 dias,4,true,true
DLL-2403-039,DLL,Detergente Liquido Lava-Loucas,Risco 1,FOR-A,2024-03-23,7.6,1.032,Reprovado,Nao avaliado,Nao avaliado,Nao avaliado,Reprovado no Teste Inicial,1,false,false
DLL-2403-042,DLL,Detergente Liquido Lava-Loucas,Risco 1,FOR-A,2024-03-29,7.6,1.032,Aprovado,Reprovado,Nao avaliado,Nao avaliado,Reprovado na Estabilidade Preliminar,2,false,false
DLL-2403-044,DLL,Detergente Liquido Lava-Loucas,Risco 1,FOR-A,2024-03-31,7.6,1.032,Aprovado,Aprovado,Reprovado,Conforme,Reprovado na Estabilidade Acelerada,3,false,true
DLL-2404-047,DLL,Detergente Liquido Lava-Loucas,Risco 1,FOR-C,2024-04-04,7.6,1.032,Aprovado,Aprovado,Aprovado,Conforme,Aprovado aos 90 dias,4,true,true
DLL-2404-050,DLL,Detergente Liquido Lava-Loucas,Risco 1,FOR-B,2024-04-07,7.6,1.032,Aprovado,Aprovado,Aprovado,Conforme,Aprovado aos 90 dias,4,true,true
DLL-2404-051,DLL,Detergente Liquido Lava-Loucas,Risco 1,FOR-C,2024-04-09,7.6,1.032,Aprovado,Aprovado,Aprovado,Conforme,Aprovado aos 90 dias,4,true,true
DLL-2404-055,DLL,Detergente Liquido Lava-Loucas,Risco 1,FOR-A,2024-04-15,7.6,1.032,Aprovado,Aprovado,Reprovado,Conforme,Reprovado na Estabilidade Acelerada,3,false,true
DLL-2404-060,DLL,Detergente Liquido Lava-Loucas,Risco 1,FOR-C,2024-04-25,7.6,1.032,Aprovado,Aprovado,Aprovado,Conforme,Aprovado aos 90 dias,4,true,true
DLL-2405-063,DLL,Detergente Liquido Lava-Loucas,Risco 1,FOR-C,2024-05-09,7.6,1.032,Aprovado,Aprovado,Aprovado,Conforme,Aprovado aos 90 dias,4,true,true
DLL-2405-066,DLL,Detergente Liquido Lava-Loucas,Risco 1,FOR-B,2024-05-15,7.6,1.032,Aprovado,Aprovado,Aprovado,Conforme,Aprovado aos 90 dias,4,true,true
DLL-2406-073,DLL,Detergente Liquido Lava-Loucas,Risco 1,FOR-C,2024-06-03,7.6,1.032,Aprovado,Aprovado,Aprovado,Conforme,Aprovado aos 90 dias,4,true,true
DLL-2406-075,DLL,Detergente Liquido Lava-Loucas,Risco 1,FOR-C,2024-06-05,7.6,1.032,Aprovado,Aprovado,Aprovado,Conforme,Aprovado aos 90 dias,4,true,true
DLL-2406-085,DLL,Detergente Liquido Lava-Loucas,Risco 1,FOR-C,2024-06-20,7.6,1.032,Aprovado,Aprovado,Reprovado,Nao conforme,Reprovado na Estabilidade Acelerada,3,false,true
DLL-2407-098,DLL,Detergente Liquido Lava-Loucas,Risco 1,FOR-A,2024-07-13,7.6,1.032,Aprovado,Reprovado,Nao avaliado,Nao avaliado,Reprovado na Estabilidade Preliminar,2,false,false
DLL-2408-110,DLL,Detergente Liquido Lava-Loucas,Risco 1,FOR-C,2024-08-15,7.6,1.032,Aprovado,Aprovado,Aprovado,Conforme,Aprovado aos 90 dias,4,true,true
DLL-2408-118,DLL,Detergente Liquido Lava-Loucas,Risco 1,FOR-C,2024-08-29,7.6,1.032,Reprovado,Nao avaliado,Nao avaliado,Nao avaliado,Reprovado no Teste Inicial,1,false,false
DLL-2409-125,DLL,Detergente Liquido Lava-Loucas,Risco 1,FOR-B,2024-09-02,7.6,1.032,Aprovado,Aprovado,Reprovado,Conforme,Reprovado na Estabilidade Acelerada,3,false,true
DLL-2409-133,DLL,Detergente Liquido Lava-Loucas,Risco 1,FOR-A,2024-09-07,7.6,1.032,Aprovado,Aprovado,Aprovado,Conforme,Aprovado aos 90 dias,4,true,true
DLL-2409-134,DLL,Detergente Liquido Lava-Loucas,Risco 1,FOR-A,2024-09-10,7.6,1.032,Aprovado,Aprovado,Aprovado,Conforme,Aprovado aos 90 dias,4,true,true
DLL-2409-135,DLL,Detergente Liquido Lava-Loucas,Risco 1,FOR-A,2024-09-11,7.6,1.032,Aprovado,Reprovado,Nao avaliado,Nao avaliado,Reprovado na Estabilidade Preliminar,2,false,false
DLL-2409-138,DLL,Detergente Liquido Lava-Loucas,Risco 1,FOR-B,2024-09-13,7.6,1.032,Aprovado,Aprovado,Reprovado,Conforme,Reprovado na Estabilidade Acelerada,3,false,true
DLL-2409-147,DLL,Detergente Liquido Lava-Loucas,Risco 1,FOR-A,2024-09-24,7.6,1.032,Aprovado,Aprovado,Aprovado,Conforme,Aprovado aos 90 dias,4,true,true
DLL-2410-153,DLL,Detergente Liquido Lava-Loucas,Risco 1,FOR-C,2024-10-01,7.6,1.032,Aprovado,Aprovado,Aprovado,Conforme,Aprovado aos 90 dias,4,true,true
DLL-2410-154,DLL,Detergente Liquido Lava-Loucas,Risco 1,FOR-A,2024-10-02,7.6,1.032,Aprovado,Aprovado,Reprovado,Nao conforme,Reprovado na Estabilidade Acelerada,3,false,true
DLL-2410-155,DLL,Detergente Liquido Lava-Loucas,Risco 1,FOR-C,2024-10-02,7.6,1.032,Aprovado,Aprovado,Aprovado,Conforme,Aprovado aos 90 dias,4,true,true
DLL-2410-160,DLL,Detergente Liquido Lava-Loucas,Risco 1,FOR-B,2024-10-11,7.6,1.032,Aprovado,Aprovado,Reprovado,Conforme,Reprovado na Estabilidade Acelerada,3,false,true
DLL-2410-163,DLL,Detergente Liquido Lava-Loucas,Risco 1,FOR-C,2024-10-26,7.6,1.032,Aprovado,Reprovado,Nao avaliado,Nao avaliado,Reprovado na Estabilidade Preliminar,2,false,false
DLL-2410-164,DLL,Detergente Liquido Lava-Loucas,Risco 1,FOR-A,2024-10-28,7.6,1.032,Aprovado,Reprovado,Nao avaliado,Nao avaliado,Reprovado na Estabilidade Preliminar,2,false,false
DLL-2411-168,DLL,Detergente Liquido Lava-Loucas,Risco 1,FOR-B,2024-11-01,7.6,1.032,Aprovado,Aprovado,Aprovado,Conforme,Aprovado aos 90 dias,4,true,true
DLL-2411-169,DLL,Detergente Liquido Lava-Loucas,Risco 1,FOR-C,2024-11-02,7.6,1.032,Aprovado,Aprovado,Aprovado,Conforme,Aprovado aos 90 dias,4,true,true
DLL-2411-170,DLL,Detergente Liquido Lava-Loucas,Risco 1,FOR-B,2024-11-03,7.6,1.032,Aprovado,Aprovado,Reprovado,Conforme,Reprovado na Estabilidade Acelerada,3,false,true
DLL-2411-175,DLL,Detergente Liquido Lava-Loucas,Risco 1,FOR-A,2024-11-08,7.6,1.032,Aprovado,Aprovado,Aprovado,Conforme,Aprovado aos 90 dias,4,true,true
DLL-2412-195,DLL,Detergente Liquido Lava-Loucas,Risco 1,FOR-B,2024-12-23,7.6,1.032,Aprovado,Aprovado,Reprovado,Nao conforme,Reprovado na Estabilidade Acelerada,3,false,true
DLL-2501-202,DLL,Detergente Liquido Lava-Loucas,Risco 1,FOR-A,2025-01-01,7.6,1.032,Aprovado,Aprovado,Aprovado,Conforme,Aprovado aos 90 dias,4,true,true
DLL-2501-213,DLL,Detergente Liquido Lava-Loucas,Risco 1,FOR-B,2025-01-18,7.6,1.032,Aprovado,Aprovado,Reprovado,Conforme,Reprovado na Estabilidade Acelerada,3,false,true
DLL-2501-215,DLL,Detergente Liquido Lava-Loucas,Risco 1,FOR-C,2025-01-19,7.6,1.032,Aprovado,Reprovado,Nao avaliado,Nao avaliado,Reprovado na Estabilidade Preliminar,2,false,false
DLL-2501-217,DLL,Detergente Liquido Lava-Loucas,Risco 1,FOR-B,2025-01-20,7.6,1.032,Aprovado,Aprovado,Aprovado,Conforme,Aprovado aos 90 dias,4,true,true
DLL-2502-231,DLL,Detergente Liquido Lava-Loucas,Risco 1,FOR-C,2025-02-20,7.6,1.032,Aprovado,Aprovado,Reprovado,Conforme,Reprovado na Estabilidade Acelerada,3,false,true
DLL-2502-232,DLL,Detergente Liquido Lava-Loucas,Risco 1,FOR-C,2025-02-20,7.6,1.032,Aprovado,Aprovado,Aprovado,Conforme,Aprovado aos 90 dias,4,true,true
DLL-2502-234,DLL,Detergente Liquido Lava-Loucas,Risco 1,FOR-C,2025-02-22,7.6,1.032,Aprovado,Aprovado,Aprovado,Conforme,Aprovado aos 90 dias,4,true,true
DLL-2503-240,DLL,Detergente Liquido Lava-Loucas,Risco 1,FOR-A,2025-03-03,7.6,1.032,Aprovado,Reprovado,Nao avaliado,Nao avaliado,Reprovado na Estabilidade Preliminar,2,false,false
DLL-2503-241,DLL,Detergente Liquido Lava-Loucas,Risco 1,FOR-A,2025-03-03,7.6,1.032,Aprovado,Aprovado,Aprovado,Conforme,Aprovado aos 90 dias,4,true,true
DLL-2503-249,DLL,Detergente Liquido Lava-Loucas,Risco 1,FOR-A,2025-03-07,7.6,1.032,Aprovado,Aprovado,Aprovado,Conforme,Aprovado aos 90 dias,4,true,true
DLL-2503-254,DLL,Detergente Liquido Lava-Loucas,Risco 1,FOR-B,2025-03-13,7.6,1.032,Aprovado,Aprovado,Aprovado,Conforme,Aprovado aos 90 dias,4,true,true
DLL-2503-255,DLL,Detergente Liquido Lava-Loucas,Risco 1,FOR-A,2025-03-17,7.6,1.032,Aprovado,Aprovado,Reprovado,Conforme,Reprovado na Estabilidade Acelerada,3,false,true
DLL-2504-265,DLL,Detergente Liquido Lava-Loucas,Risco 1,FOR-A,2025-04-01,7.6,1.032,Aprovado,Aprovado,Aprovado,Conforme,Aprovado aos 90 dias,4,true,true
DLL-2505-283,DLL,Detergente Liquido Lava-Loucas,Risco 1,FOR-A,2025-05-20,7.6,1.032,Aprovado,Aprovado,Reprovado,Nao conforme,Reprovado na Estabilidade Acelerada,3,false,true
DLL-2505-286,DLL,Detergente Liquido Lava-Loucas,Risco 1,FOR-B,2025-05-28,7.6,1.032,Aprovado,Aprovado,Aprovado,Conforme,Aprovado aos 90 dias,4,true,true
DLL-2506-293,DLL,Detergente Liquido Lava-Loucas,Risco 1,FOR-B,2025-06-13,7.6,1.032,Reprovado,Nao avaliado,Nao avaliado,Nao avaliado,Reprovado no Teste Inicial,1,false,false
DLL-2506-296,DLL,Detergente Liquido Lava-Loucas,Risco 1,FOR-A,2025-06-17,7.6,1.032,Aprovado,Reprovado,Nao avaliado,Nao avaliado,Reprovado na Estabilidade Preliminar,2,false,false
DLL-2506-299,DLL,Detergente Liquido Lava-Loucas,Risco 1,FOR-C,2025-06-27,7.6,1.032,Reprovado,Nao avaliado,Nao avaliado,Nao avaliado,Reprovado no Teste Inicial,1,false,false
DLR-2402-011,DLR,Detergente Liquido para Roupas,Risco 1,FOR-A,2024-02-08,9.6,1.022,Aprovado,Reprovado,Nao avaliado,Nao avaliado,Reprovado na Estabilidade Preliminar,2,false,false
DLR-2402-014,DLR,Detergente Liquido para Roupas,Risco 1,FOR-C,2024-02-13,9.6,1.022,Aprovado,Aprovado,Aprovado,Conforme,Aprovado aos 90 dias,4,true,true
DLR-2402-017,DLR,Detergente Liquido para Roupas,Risco 1,FOR-C,2024-02-19,9.6,1.022,Aprovado,Aprovado,Aprovado,Conforme,Aprovado aos 90 dias,4,true,true
DLR-2402-018,DLR,Detergente Liquido para Roupas,Risco 1,FOR-B,2024-02-21,9.6,1.022,Aprovado,Reprovado,Nao avaliado,Nao avaliado,Reprovado na Estabilidade Preliminar,2,false,false
DLR-2402-024,DLR,Detergente Liquido para Roupas,Risco 1,FOR-C,2024-02-25,9.6,1.022,Reprovado,Nao avaliado,Nao avaliado,Nao avaliado,Reprovado no Teste Inicial,1,false,false
DLR-2404-045,DLR,Detergente Liquido para Roupas,Risco 1,FOR-B,2024-04-03,9.6,1.022,Aprovado,Aprovado,Aprovado,Conforme,Aprovado aos 90 dias,4,true,true
DLR-2404-049,DLR,Detergente Liquido para Roupas,Risco 1,FOR-A,2024-04-06,9.6,1.022,Aprovado,Aprovado,Aprovado,Conforme,Aprovado aos 90 dias,4,true,true
DLR-2405-065,DLR,Detergente Liquido para Roupas,Risco 1,FOR-A,2024-05-13,9.6,1.022,Aprovado,Aprovado,Reprovado,Conforme,Reprovado na Estabilidade Acelerada,3,false,true
DLR-2406-083,DLR,Detergente Liquido para Roupas,Risco 1,FOR-C,2024-06-17,9.6,1.022,Aprovado,Aprovado,Aprovado,Conforme,Aprovado aos 90 dias,4,true,true
DLR-2407-092,DLR,Detergente Liquido para Roupas,Risco 1,FOR-C,2024-07-04,9.6,1.022,Aprovado,Aprovado,Aprovado,Conforme,Aprovado aos 90 dias,4,true,true
DLR-2407-101,DLR,Detergente Liquido para Roupas,Risco 1,FOR-B,2024-07-22,9.6,1.022,Aprovado,Reprovado,Nao avaliado,Nao avaliado,Reprovado na Estabilidade Preliminar,2,false,false
DLR-2407-102,DLR,Detergente Liquido para Roupas,Risco 1,FOR-C,2024-07-23,9.6,1.022,Aprovado,Aprovado,Reprovado,Nao conforme,Reprovado na Estabilidade Acelerada,3,false,true
DLR-2408-107,DLR,Detergente Liquido para Roupas,Risco 1,FOR-A,2024-08-04,9.6,1.022,Aprovado,Aprovado,Aprovado,Conforme,Aprovado aos 90 dias,4,true,true
DLR-2408-115,DLR,Detergente Liquido para Roupas,Risco 1,FOR-A,2024-08-20,9.6,1.022,Aprovado,Aprovado,Aprovado,Conforme,Aprovado aos 90 dias,4,true,true
DLR-2408-119,DLR,Detergente Liquido para Roupas,Risco 1,FOR-B,2024-08-30,9.6,1.022,Reprovado,Nao avaliado,Nao avaliado,Nao avaliado,Reprovado no Teste Inicial,1,false,false
DLR-2409-128,DLR,Detergente Liquido para Roupas,Risco 1,FOR-B,2024-09-04,9.6,1.022,Aprovado,Aprovado,Aprovado,Conforme,Aprovado aos 90 dias,4,true,true
DLR-2409-131,DLR,Detergente Liquido para Roupas,Risco 1,FOR-C,2024-09-06,9.6,1.022,Aprovado,Aprovado,Aprovado,Conforme,Aprovado aos 90 dias,4,true,true
DLR-2409-137,DLR,Detergente Liquido para Roupas,Risco 1,FOR-B,2024-09-13,9.6,1.022,Aprovado,Aprovado,Aprovado,Conforme,Aprovado aos 90 dias,4,true,true
DLR-2409-139,DLR,Detergente Liquido para Roupas,Risco 1,FOR-C,2024-09-14,9.6,1.022,Reprovado,Nao avaliado,Nao avaliado,Nao avaliado,Reprovado no Teste Inicial,1,false,false
DLR-2409-142,DLR,Detergente Liquido para Roupas,Risco 1,FOR-A,2024-09-17,9.6,1.022,Aprovado,Aprovado,Aprovado,Conforme,Aprovado aos 90 dias,4,true,true
DLR-2409-144,DLR,Detergente Liquido para Roupas,Risco 1,FOR-B,2024-09-18,9.6,1.022,Aprovado,Aprovado,Aprovado,Conforme,Aprovado aos 90 dias,4,true,true
DLR-2410-158,DLR,Detergente Liquido para Roupas,Risco 1,FOR-A,2024-10-06,9.6,1.022,Aprovado,Reprovado,Nao avaliado,Nao avaliado,Reprovado na Estabilidade Preliminar,2,false,false
DLR-2410-162,DLR,Detergente Liquido para Roupas,Risco 1,FOR-B,2024-10-18,9.6,1.022,Aprovado,Aprovado,Reprovado,Conforme,Reprovado na Estabilidade Acelerada,3,false,true
DLR-2411-171,DLR,Detergente Liquido para Roupas,Risco 1,FOR-B,2024-11-03,9.6,1.022,Reprovado,Nao avaliado,Nao avaliado,Nao avaliado,Reprovado no Teste Inicial,1,false,false
DLR-2411-173,DLR,Detergente Liquido para Roupas,Risco 1,FOR-C,2024-11-07,9.6,1.022,Aprovado,Aprovado,Aprovado,Conforme,Aprovado aos 90 dias,4,true,true
DLR-2411-178,DLR,Detergente Liquido para Roupas,Risco 1,FOR-A,2024-11-13,9.6,1.022,Aprovado,Aprovado,Aprovado,Conforme,Aprovado aos 90 dias,4,true,true
DLR-2411-179,DLR,Detergente Liquido para Roupas,Risco 1,FOR-A,2024-11-15,9.6,1.022,Aprovado,Aprovado,Reprovado,Conforme,Reprovado na Estabilidade Acelerada,3,false,true
DLR-2411-181,DLR,Detergente Liquido para Roupas,Risco 1,FOR-A,2024-11-18,9.6,1.022,Aprovado,Aprovado,Reprovado,Conforme,Reprovado na Estabilidade Acelerada,3,false,true
DLR-2411-182,DLR,Detergente Liquido para Roupas,Risco 1,FOR-A,2024-11-20,9.6,1.022,Reprovado,Nao avaliado,Nao avaliado,Nao avaliado,Reprovado no Teste Inicial,1,false,false
DLR-2411-185,DLR,Detergente Liquido para Roupas,Risco 1,FOR-A,2024-11-30,9.6,1.022,Aprovado,Aprovado,Aprovado,Conforme,Aprovado aos 90 dias,4,true,true
DLR-2412-194,DLR,Detergente Liquido para Roupas,Risco 1,FOR-B,2024-12-20,9.6,1.022,Reprovado,Nao avaliado,Nao avaliado,Nao avaliado,Reprovado no Teste Inicial,1,false,false
DLR-2412-198,DLR,Detergente Liquido para Roupas,Risco 1,FOR-B,2024-12-29,9.6,1.022,Reprovado,Nao avaliado,Nao avaliado,Nao avaliado,Reprovado no Teste Inicial,1,false,false
DLR-2501-203,DLR,Detergente Liquido para Roupas,Risco 1,FOR-C,2025-01-02,9.6,1.022,Aprovado,Aprovado,Aprovado,Conforme,Aprovado aos 90 dias,4,true,true
DLR-2501-205,DLR,Detergente Liquido para Roupas,Risco 1,FOR-C,2025-01-04,9.6,1.022,Aprovado,Aprovado,Aprovado,Conforme,Aprovado aos 90 dias,4,true,true
DLR-2501-223,DLR,Detergente Liquido para Roupas,Risco 1,FOR-C,2025-01-30,9.6,1.022,Aprovado,Aprovado,Aprovado,Conforme,Aprovado aos 90 dias,4,true,true
DLR-2502-226,DLR,Detergente Liquido para Roupas,Risco 1,FOR-C,2025-02-08,9.6,1.022,Aprovado,Aprovado,Aprovado,Conforme,Aprovado aos 90 dias,4,true,true
DLR-2502-228,DLR,Detergente Liquido para Roupas,Risco 1,FOR-A,2025-02-12,9.6,1.022,Aprovado,Aprovado,Reprovado,Conforme,Reprovado na Estabilidade Acelerada,3,false,true
DLR-2503-244,DLR,Detergente Liquido para Roupas,Risco 1,FOR-C,2025-03-05,9.6,1.022,Aprovado,Aprovado,Aprovado,Conforme,Aprovado aos 90 dias,4,true,true
DLR-2503-247,DLR,Detergente Liquido para Roupas,Risco 1,FOR-B,2025-03-07,9.6,1.022,Aprovado,Reprovado,Nao avaliado,Nao avaliado,Reprovado na Estabilidade Preliminar,2,false,false
DLR-2503-248,DLR,Detergente Liquido para Roupas,Risco 1,FOR-B,2025-03-07,9.6,1.022,Aprovado,Aprovado,Aprovado,Conforme,Aprovado aos 90 dias,4,true,true
DLR-2503-253,DLR,Detergente Liquido para Roupas,Risco 1,FOR-B,2025-03-12,9.6,1.022,Reprovado,Nao avaliado,Nao avaliado,Nao avaliado,Reprovado no Teste Inicial,1,false,false
DLR-2503-259,DLR,Detergente Liquido para Roupas,Risco 1,FOR-C,2025-03-22,9.6,1.022,Aprovado,Aprovado,Aprovado,Conforme,Aprovado aos 90 dias,4,true,true
DLR-2503-261,DLR,Detergente Liquido para Roupas,Risco 1,FOR-A,2025-03-27,9.6,1.022,Aprovado,Aprovado,Aprovado,Conforme,Aprovado aos 90 dias,4,true,true
DLR-2503-262,DLR,Detergente Liquido para Roupas,Risco 1,FOR-B,2025-03-29,9.6,1.022,Aprovado,Aprovado,Reprovado,Conforme,Reprovado na Estabilidade Acelerada,3,false,true
DLR-2504-263,DLR,Detergente Liquido para Roupas,Risco 1,FOR-C,2025-04-01,9.6,1.022,Reprovado,Nao avaliado,Nao avaliado,Nao avaliado,Reprovado no Teste Inicial,1,false,false
DLR-2504-273,DLR,Detergente Liquido para Roupas,Risco 1,FOR-A,2025-04-15,9.6,1.022,Aprovado,Aprovado,Reprovado,Conforme,Reprovado na Estabilidade Acelerada,3,false,true
DLR-2504-274,DLR,Detergente Liquido para Roupas,Risco 1,FOR-C,2025-04-15,9.6,1.022,Aprovado,Aprovado,Aprovado,Conforme,Aprovado aos 90 dias,4,true,true
DLR-2505-278,DLR,Detergente Liquido para Roupas,Risco 1,FOR-A,2025-05-08,9.6,1.022,Aprovado,Aprovado,Aprovado,Conforme,Aprovado aos 90 dias,4,true,true
DLR-2505-281,DLR,Detergente Liquido para Roupas,Risco 1,FOR-A,2025-05-12,9.6,1.022,Aprovado,Reprovado,Nao avaliado,Nao avaliado,Reprovado na Estabilidade Preliminar,2,false,false
DLR-2505-285,DLR,Detergente Liquido para Roupas,Risco 1,FOR-A,2025-05-22,9.6,1.022,Aprovado,Aprovado,Aprovado,Conforme,Aprovado aos 90 dias,4,true,true
DLR-2506-292,DLR,Detergente Liquido para Roupas,Risco 1,FOR-A,2025-06-10,9.6,1.022,Reprovado,Nao avaliado,Nao avaliado,Nao avaliado,Reprovado no Teste Inicial,1,false,false
DLR-2506-297,DLR,Detergente Liquido para Roupas,Risco 1,FOR-C,2025-06-21,9.6,1.022,Aprovado,Aprovado,Aprovado,Conforme,Aprovado aos 90 dias,4,true,true
DLR-2506-298,DLR,Detergente Liquido para Roupas,Risco 1,FOR-C,2025-06-25,9.6,1.022,Aprovado,Aprovado,Aprovado,Nao conforme,Aprovado aos 90 dias,4,true,true
LMU-2401-001,LMU,Limpador Multiuso Alcalino,Risco 1,FOR-C,2024-01-11,10.2,1.01,Aprovado,Aprovado,Aprovado,Conforme,Aprovado aos 90 dias,4,true,true
LMU-2401-006,LMU,Limpador Multiuso Alcalino,Risco 1,FOR-A,2024-01-24,10.2,1.01,Aprovado,Reprovado,Nao avaliado,Nao avaliado,Reprovado na Estabilidade Preliminar,2,false,false
LMU-2401-008,LMU,Limpador Multiuso Alcalino,Risco 1,FOR-B,2024-01-28,10.2,1.01,Reprovado,Nao avaliado,Nao avaliado,Nao avaliado,Reprovado no Teste Inicial,1,false,false
LMU-2401-009,LMU,Limpador Multiuso Alcalino,Risco 1,FOR-B,2024-01-30,10.2,1.01,Aprovado,Aprovado,Aprovado,Conforme,Aprovado aos 90 dias,4,true,true
LMU-2402-016,LMU,Limpador Multiuso Alcalino,Risco 1,FOR-B,2024-02-19,10.2,1.01,Aprovado,Aprovado,Aprovado,Conforme,Aprovado aos 90 dias,4,true,true
LMU-2402-022,LMU,Limpador Multiuso Alcalino,Risco 1,FOR-A,2024-02-25,10.2,1.01,Aprovado,Aprovado,Reprovado,Conforme,Reprovado na Estabilidade Acelerada,3,false,true
LMU-2402-028,LMU,Limpador Multiuso Alcalino,Risco 1,FOR-A,2024-02-29,10.2,1.01,Aprovado,Aprovado,Reprovado,Conforme,Reprovado na Estabilidade Acelerada,3,false,true
LMU-2402-029,LMU,Limpador Multiuso Alcalino,Risco 1,FOR-C,2024-02-29,10.2,1.01,Reprovado,Nao avaliado,Nao avaliado,Nao avaliado,Reprovado no Teste Inicial,1,false,false
LMU-2403-033,LMU,Limpador Multiuso Alcalino,Risco 1,FOR-B,2024-03-11,10.2,1.01,Aprovado,Reprovado,Nao avaliado,Nao avaliado,Reprovado na Estabilidade Preliminar,2,false,false
LMU-2403-035,LMU,Limpador Multiuso Alcalino,Risco 1,FOR-C,2024-03-16,10.2,1.01,Aprovado,Aprovado,Aprovado,Conforme,Aprovado aos 90 dias,4,true,true
LMU-2403-041,LMU,Limpador Multiuso Alcalino,Risco 1,FOR-B,2024-03-26,10.2,1.01,Reprovado,Nao avaliado,Nao avaliado,Nao avaliado,Reprovado no Teste Inicial,1,false,false
LMU-2404-048,LMU,Limpador Multiuso Alcalino,Risco 1,FOR-A,2024-04-06,10.2,1.01,Aprovado,Aprovado,Reprovado,Conforme,Reprovado na Estabilidade Acelerada,3,false,true
LMU-2404-053,LMU,Limpador Multiuso Alcalino,Risco 1,FOR-B,2024-04-12,10.2,1.01,Aprovado,Reprovado,Nao avaliado,Nao avaliado,Reprovado na Estabilidade Preliminar,2,false,false
LMU-2404-057,LMU,Limpador Multiuso Alcalino,Risco 1,FOR-C,2024-04-19,10.2,1.01,Aprovado,Aprovado,Reprovado,Conforme,Reprovado na Estabilidade Acelerada,3,false,true
LMU-2404-059,LMU,Limpador Multiuso Alcalino,Risco 1,FOR-A,2024-04-24,10.2,1.01,Aprovado,Reprovado,Nao avaliado,Nao avaliado,Reprovado na Estabilidade Preliminar,2,false,false
LMU-2405-062,LMU,Limpador Multiuso Alcalino,Risco 1,FOR-B,2024-05-02,10.2,1.01,Reprovado,Nao avaliado,Nao avaliado,Nao avaliado,Reprovado no Teste Inicial,1,false,false
LMU-2405-071,LMU,Limpador Multiuso Alcalino,Risco 1,FOR-B,2024-05-30,10.2,1.01,Aprovado,Reprovado,Nao avaliado,Nao avaliado,Reprovado na Estabilidade Preliminar,2,false,false
LMU-2406-078,LMU,Limpador Multiuso Alcalino,Risco 1,FOR-C,2024-06-07,10.2,1.01,Aprovado,Aprovado,Aprovado,Conforme,Aprovado aos 90 dias,4,true,true
LMU-2406-081,LMU,Limpador Multiuso Alcalino,Risco 1,FOR-B,2024-06-14,10.2,1.01,Reprovado,Nao avaliado,Nao avaliado,Nao avaliado,Reprovado no Teste Inicial,1,false,false
LMU-2406-082,LMU,Limpador Multiuso Alcalino,Risco 1,FOR-A,2024-06-15,10.2,1.01,Aprovado,Reprovado,Nao avaliado,Nao avaliado,Reprovado na Estabilidade Preliminar,2,false,false
LMU-2406-086,LMU,Limpador Multiuso Alcalino,Risco 1,FOR-A,2024-06-21,10.2,1.01,Aprovado,Aprovado,Aprovado,Conforme,Aprovado aos 90 dias,4,true,true
LMU-2408-112,LMU,Limpador Multiuso Alcalino,Risco 1,FOR-C,2024-08-16,10.2,1.01,Aprovado,Aprovado,Aprovado,Conforme,Aprovado aos 90 dias,4,true,true
LMU-2408-116,LMU,Limpador Multiuso Alcalino,Risco 1,FOR-C,2024-08-28,10.2,1.01,Aprovado,Aprovado,Reprovado,Conforme,Reprovado na Estabilidade Acelerada,3,false,true
LMU-2409-123,LMU,Limpador Multiuso Alcalino,Risco 1,FOR-C,2024-09-01,10.2,1.01,Aprovado,Aprovado,Aprovado,Conforme,Aprovado aos 90 dias,4,true,true
LMU-2409-127,LMU,Limpador Multiuso Alcalino,Risco 1,FOR-B,2024-09-04,10.2,1.01,Aprovado,Aprovado,Reprovado,Conforme,Reprovado na Estabilidade Acelerada,3,false,true
LMU-2409-129,LMU,Limpador Multiuso Alcalino,Risco 1,FOR-B,2024-09-05,10.2,1.01,Reprovado,Nao avaliado,Nao avaliado,Nao avaliado,Reprovado no Teste Inicial,1,false,false
LMU-2409-132,LMU,Limpador Multiuso Alcalino,Risco 1,FOR-B,2024-09-07,10.2,1.01,Reprovado,Nao avaliado,Nao avaliado,Nao avaliado,Reprovado no Teste Inicial,1,false,false
LMU-2409-148,LMU,Limpador Multiuso Alcalino,Risco 1,FOR-C,2024-09-26,10.2,1.01,Aprovado,Aprovado,Aprovado,Conforme,Aprovado aos 90 dias,4,true,true
LMU-2410-152,LMU,Limpador Multiuso Alcalino,Risco 1,FOR-B,2024-10-01,10.2,1.01,Reprovado,Nao avaliado,Nao avaliado,Nao avaliado,Reprovado no Teste Inicial,1,false,false
LMU-2410-156,LMU,Limpador Multiuso Alcalino,Risco 1,FOR-C,2024-10-04,10.2,1.01,Reprovado,Nao avaliado,Nao avaliado,Nao avaliado,Reprovado no Teste Inicial,1,false,false
LMU-2411-177,LMU,Limpador Multiuso Alcalino,Risco 1,FOR-B,2024-11-11,10.2,1.01,Aprovado,Aprovado,Reprovado,Nao conforme,Reprovado na Estabilidade Acelerada,3,false,true
LMU-2412-187,LMU,Limpador Multiuso Alcalino,Risco 1,FOR-A,2024-12-11,10.2,1.01,Reprovado,Nao avaliado,Nao avaliado,Nao avaliado,Reprovado no Teste Inicial,1,false,false
LMU-2412-189,LMU,Limpador Multiuso Alcalino,Risco 1,FOR-B,2024-12-13,10.2,1.01,Reprovado,Nao avaliado,Nao avaliado,Nao avaliado,Reprovado no Teste Inicial,1,false,false
LMU-2412-201,LMU,Limpador Multiuso Alcalino,Risco 1,FOR-B,2024-12-31,10.2,1.01,Aprovado,Reprovado,Nao avaliado,Nao avaliado,Reprovado na Estabilidade Preliminar,2,false,false
LMU-2501-211,LMU,Limpador Multiuso Alcalino,Risco 1,FOR-A,2025-01-12,10.2,1.01,Aprovado,Aprovado,Aprovado,Conforme,Aprovado aos 90 dias,4,true,true
LMU-2501-212,LMU,Limpador Multiuso Alcalino,Risco 1,FOR-C,2025-01-18,10.2,1.01,Aprovado,Aprovado,Aprovado,Conforme,Aprovado aos 90 dias,4,true,true
LMU-2501-214,LMU,Limpador Multiuso Alcalino,Risco 1,FOR-B,2025-01-18,10.2,1.01,Aprovado,Reprovado,Nao avaliado,Nao avaliado,Reprovado na Estabilidade Preliminar,2,false,false
LMU-2501-216,LMU,Limpador Multiuso Alcalino,Risco 1,FOR-C,2025-01-20,10.2,1.01,Aprovado,Aprovado,Reprovado,Conforme,Reprovado na Estabilidade Acelerada,3,false,true
LMU-2501-221,LMU,Limpador Multiuso Alcalino,Risco 1,FOR-A,2025-01-29,10.2,1.01,Reprovado,Nao avaliado,Nao avaliado,Nao avaliado,Reprovado no Teste Inicial,1,false,false
LMU-2501-222,LMU,Limpador Multiuso Alcalino,Risco 1,FOR-A,2025-01-29,10.2,1.01,Aprovado,Reprovado,Nao avaliado,Nao avaliado,Reprovado na Estabilidade Preliminar,2,false,false
LMU-2502-233,LMU,Limpador Multiuso Alcalino,Risco 1,FOR-C,2025-02-21,10.2,1.01,Aprovado,Aprovado,Aprovado,Conforme,Aprovado aos 90 dias,4,true,true
LMU-2502-239,LMU,Limpador Multiuso Alcalino,Risco 1,FOR-A,2025-02-28,10.2,1.01,Aprovado,Aprovado,Aprovado,Conforme,Aprovado aos 90 dias,4,true,true
LMU-2504-269,LMU,Limpador Multiuso Alcalino,Risco 1,FOR-A,2025-04-12,10.2,1.01,Aprovado,Aprovado,Reprovado,Conforme,Reprovado na Estabilidade Acelerada,3,false,true
LMU-2505-276,LMU,Limpador Multiuso Alcalino,Risco 1,FOR-C,2025-05-04,10.2,1.01,Aprovado,Aprovado,Aprovado,Conforme,Aprovado aos 90 dias,4,true,true
LMU-2505-279,LMU,Limpador Multiuso Alcalino,Risco 1,FOR-C,2025-05-09,10.2,1.01,Aprovado,Reprovado,Nao avaliado,Nao avaliado,Reprovado na Estabilidade Preliminar,2,false,false
LMU-2505-284,LMU,Limpador Multiuso Alcalino,Risco 1,FOR-C,2025-05-21,10.2,1.01,Aprovado,Aprovado,Aprovado,Conforme,Aprovado aos 90 dias,4,true,true
LMU-2506-290,LMU,Limpador Multiuso Alcalino,Risco 1,FOR-A,2025-06-08,10.2,1.01,Aprovado,Reprovado,Nao avaliado,Nao avaliado,Reprovado na Estabilidade Preliminar,2,false,false
LMU-2506-295,LMU,Limpador Multiuso Alcalino,Risco 1,FOR-A,2025-06-15,10.2,1.01,Aprovado,Reprovado,Nao avaliado,Nao avaliado,Reprovado na Estabilidade Preliminar,2,false,false
LMU-2506-300,LMU,Limpador Multiuso Alcalino,Risco 1,FOR-B,2025-06-28,10.2,1.01,Aprovado,Aprovado,Aprovado,Conforme,Aprovado aos 90 dias,4,true,true
