lote,ensaio,analista_1,escore_analista_1,analista_2,escore_analista_2
LMU-2503-254,aspecto_score,ANL-03,1,ANL-04,1
LMU-2503-254,estufa50_score,ANL-03,0,ANL-04,0
LMU-2503-254,centrifugacao_score,ANL-03,1,ANL-04,1
DES-2410-162,aspecto_score,ANL-01,0,ANL-04,0
DES-2410-162,estufa50_score,ANL-01,1,ANL-04,1
DES-2410-162,centrifugacao_score,ANL-01,1,ANL-04,1
AMA-2502-234,aspecto_score,ANL-01,2,ANL-04,2
AMA-2502-234,estufa50_score,ANL-01,3,ANL-04,3
AMA-2502-234,centrifugacao_score,ANL-01,4,ANL-04,4
DLL-2501-221,aspecto_score,ANL-01,1,ANL-04,1
DLL-2501-221,estufa50_score,ANL-01,1,ANL-04,0
DLL-2501-221,centrifugacao_score,ANL-01,1,ANL-04,1
LMU-2504-267,aspecto_score,ANL-01,1,ANL-04,1
LMU-2504-267,estufa50_score,ANL-01,1,ANL-04,1
LMU-2504-267,centrifugacao_score,ANL-01,1,ANL-04,1
AMA-2407-094,aspecto_score,ANL-03,1,ANL-04,0
AMA-2407-094,estufa50_score,ANL-03,1,ANL-04,0
AMA-2407-094,centrifugacao_score,ANL-03,1,ANL-04,2
ALV-2411-179,aspecto_score,ANL-02,1,ANL-04,1
ALV-2411-179,estufa50_score,ANL-02,1,ANL-04,1
ALV-2411-179,centrifugacao_score,ANL-02,1,ANL-04,1
LMU-2409-139,aspecto_score,ANL-02,1,ANL-04,2
LMU-2409-139,estufa50_score,ANL-02,1,ANL-04,1
LMU-2409-139,centrifugacao_score,ANL-02,1,ANL-04,1
DLL-2502-236,aspecto_score,ANL-01,0,ANL-04,0
DLL-2502-236,estufa50_score,ANL-01,0,ANL-04,0
DLL-2502-236,centrifugacao_score,ANL-01,0,ANL-04,0
LMU-2504-268,aspecto_score,ANL-02,1,ANL-04,0
LMU-2504-268,estufa50_score,ANL-02,1,ANL-04,1
LMU-2504-268,centrifugacao_score,ANL-02,1,ANL-04,1
ALV-2409-124,aspecto_score,ANL-03,0,ANL-04,0
ALV-2409-124,estufa50_score,ANL-03,0,ANL-04,0
ALV-2409-124,centrifugacao_score,ANL-03,0,ANL-04,0
DLL-2503-256,aspecto_score,ANL-02,1,ANL-04,0
DLL-2503-256,estufa50_score,ANL-02,1,ANL-04,1
DLL-2503-256,centrifugacao_score,ANL-02,2,ANL-04,3
DLR-2505-277,aspecto_score,ANL-03,0,ANL-04,0
DLR-2505-277,estufa50_score,ANL-03,0,ANL-04,0
DLR-2505-277,centrifugacao_score,ANL-03,0,ANL-04,0
ALV-2503-251,aspecto_score,ANL-03,0,ANL-04,0
ALV-2503-251,estufa50_score,ANL-03,0,ANL-04,0
ALV-2503-251,centrifugacao_score,ANL-03,0,ANL-04,0
LMU-2404-056,aspecto_score,ANL-01,0,ANL-04,0
LMU-2404-056,estufa50_score,ANL-01,1,ANL-04,1
LMU-2404-056,centrifugacao_score,ANL-01,0,ANL-04,0
ALV-2401-006,aspecto_score,ANL-02,2,ANL-04,2
ALV-2401-006,estufa50_score,ANL-02,3,ANL-04,3
ALV-2401-006,centrifugacao_score,ANL-02,3,ANL-04,3
DLL-2502-232,aspecto_score,ANL-01,0,ANL-04,0
DLL-2502-232,estufa50_score,ANL-01,1,ANL-04,1
DLL-2502-232,centrifugacao_score,ANL-01,1,ANL-04,1
DLL-2406-077,aspecto_score,ANL-01,3,ANL-04,3
DLL-2406-077,estufa50_score,ANL-01,4,ANL-04,3
DLL-2406-077,centrifugacao_score,ANL-01,4,ANL-04,4
DLL-2405-067,aspecto_score,ANL-03,3,ANL-04,2
DLL-2405-067,estufa50_score,ANL-03,3,ANL-04,3
DLL-2405-067,centrifugacao_score,ANL-03,3,ANL-04,3
AMA-2411-175,aspecto_score,ANL-01,2,ANL-04,2
AMA-2411-175,estufa50_score,ANL-01,2,ANL-04,3
AMA-2411-175,centrifugacao_score,ANL-01,2,ANL-04,2
LMU-2502-230,aspecto_score,ANL-03,2,ANL-04,2
LMU-2502-230,estufa50_score,ANL-03,2,ANL-04,2
LMU-2502-230,centrifugacao_score,ANL-03,2,ANL-04,3
AMA-2503-245,aspecto_score,ANL-01,2,ANL-04,2
AMA-2503-245,estufa50_score,ANL-01,2,ANL-04,3
AMA-2503-245,centrifugacao_score,ANL-01,2,ANL-04,2
DLR-2503-260,aspecto_score,ANL-03,1,ANL-04,1
DLR-2503-260,estufa50_score,ANL-03,0,ANL-04,0
DLR-2503-260,centrifugacao_score,ANL-03,1,ANL-04,1
DLL-2501-222,aspecto_score,ANL-01,1,ANL-04,1
DLL-2501-222,estufa50_score,ANL-01,2,ANL-04,3
DLL-2501-222,centrifugacao_score,ANL-01,1,ANL-04,1
DLR-2406-082,aspecto_score,ANL-01,1,ANL-04,1
DLR-2406-082,estufa50_score,ANL-01,1,ANL-04,1
DLR-2406-082,centrifugacao_score,ANL-01,1,ANL-04,1
AMA-2402-021,aspecto_score,ANL-03,3,ANL-04,3
AMA-2402-021,estufa50_score,ANL-03,3,ANL-04,4
AMA-2402-021,centrifugacao_score,ANL-03,3,ANL-04,4
DLR-2407-098,aspecto_score,ANL-02,1,ANL-04,1
DLR-2407-098,estufa50_score,ANL-02,1,ANL-04,1
DLR-2407-098,centrifugacao_score,ANL-02,1,ANL-04,1
AMA-2405-071,aspecto_score,ANL-02,1,ANL-04,1
AMA-2405-071,estufa50_score,ANL-02,2,ANL-04,2
AMA-2405-071,centrifugacao_score,ANL-02,2,ANL-04,1
AMA-2411-181,aspecto_score,ANL-01,1,ANL-04,2
AMA-2411-181,estufa50_score,ANL-01,1,ANL-04,1
AMA-2411-181,centrifugacao_score,ANL-01,1,ANL-04,1
DES-2411-172,aspecto_score,ANL-01,1,ANL-04,1
DES-2411-172,estufa50_score,ANL-01,1,ANL-04,1
DES-2411-172,centrifugacao_score,ANL-01,2,ANL-04,2
DLR-2407-090,aspecto_score,ANL-02,0,ANL-04,0
DLR-2407-090,estufa50_score,ANL-02,0,ANL-04,0
DLR-2407-090,centrifugacao_score,ANL-02,0,ANL-04,0
DLL-2406-079,aspecto_score,ANL-02,0,ANL-04,0
DLL-2406-079,estufa50_score,ANL-02,0,ANL-04,0
DLL-2406-079,centrifugacao_score,ANL-02,0,ANL-04,0
AMA-2409-150,aspecto_score,ANL-03,0,ANL-04,1
AMA-2409-150,estufa50_score,ANL-03,1,ANL-04,1
AMA-2409-150,centrifugacao_score,ANL-03,1,ANL-04,2
LMU-2404-053,aspecto_score,ANL-02,0,ANL-04,0
LMU-2404-053,estufa50_score,ANL-02,0,ANL-04,0
LMU-2404-053,centrifugacao_score,ANL-02,0,ANL-04,0
DES-2410-161,aspecto_score,ANL-02,1,ANL-04,1
DES-2410-161,estufa50_score,ANL-02,1,ANL-04,1
DES-2410-161,centrifugacao_score,ANL-02,1,ANL-04,1
DLR-2503-252,aspecto_score,ANL-01,2,ANL-04,2
DLR-2503-252,estufa50_score,ANL-01,1,ANL-04,1
DLR-2503-252,centrifugacao_score,ANL-01,1,ANL-04,1
DLL-2410-153,aspecto_score,ANL-03,3,ANL-04,3
DLL-2410-153,estufa50_score,ANL-03,4,ANL-04,4
DLL-2410-153,centrifugacao_score,ANL-03,4,ANL-04,3
DES-2402-025,aspecto_score,ANL-02,1,ANL-04,1
DES-2402-025,estufa50_score,ANL-02,1,ANL-04,1
DES-2402-025,centrifugacao_score,ANL-02,0,ANL-04,0
DLR-2403-039,aspecto_score,ANL-01,1,ANL-04,1
DLR-2403-039,estufa50_score,ANL-01,1,ANL-04,1
DLR-2403-039,centrifugacao_score,ANL-01,0,ANL-04,0
LMU-2406-075,aspecto_score,ANL-03,2,ANL-04,2
LMU-2406-075,estufa50_score,ANL-03,2,ANL-04,1
LMU-2406-075,centrifugacao_score,ANL-03,3,ANL-04,3
DLR-2501-202,aspecto_score,ANL-02,0,ANL-04,1
DLR-2501-202,estufa50_score,ANL-02,0,ANL-04,1
DLR-2501-202,centrifugacao_score,ANL-02,1,ANL-04,1
DES-2501-208,aspecto_score,ANL-03,1,ANL-04,1
DES-2501-208,estufa50_score,ANL-03,1,ANL-04,1
DES-2501-208,centrifugacao_score,ANL-03,0,ANL-04,0
DES-2403-031,aspecto_score,ANL-02,0,ANL-04,0
DES-2403-031,estufa50_score,ANL-02,0,ANL-04,0
DES-2403-031,centrifugacao_score,ANL-02,1,ANL-04,1
DLL-2407-104,aspecto_score,ANL-01,1,ANL-04,1
DLL-2407-104,estufa50_score,ANL-01,1,ANL-04,1
DLL-2407-104,centrifugacao_score,ANL-01,0,ANL-04,1
DLR-2503-261,aspecto_score,ANL-01,1,ANL-04,0
DLR-2503-261,estufa50_score,ANL-01,1,ANL-04,1
DLR-2503-261,centrifugacao_score,ANL-01,1,ANL-04,1
DLR-2404-045,aspecto_score,ANL-01,0,ANL-04,0
DLR-2404-045,estufa50_score,ANL-01,0,ANL-04,1
DLR-2404-045,centrifugacao_score,ANL-01,1,ANL-04,1
ALV-2506-295,aspecto_score,ANL-03,0,ANL-04,0
ALV-2506-295,estufa50_score,ANL-03,1,ANL-04,1
ALV-2506-295,centrifugacao_score,ANL-03,2,ANL-04,2
DLL-2503-255,aspecto_score,ANL-03,1,ANL-04,1
DLL-2503-255,estufa50_score,ANL-03,2,ANL-04,2
DLL-2503-255,centrifugacao_score,ANL-03,2,ANL-04,2
DLL-2403-043,aspecto_score,ANL-03,1,ANL-04,1
DLL-2403-043,estufa50_score,ANL-03,2,ANL-04,2
DLL-2403-043,centrifugacao_score,ANL-03,2,ANL-04,2
LMU-2409-132,aspecto_score,ANL-02,1,ANL-04,0
LMU-2409-132,estufa50_score,ANL-02,0,ANL-04,0
LMU-2409-132,centrifugacao_score,ANL-02,0,ANL-04,0
DLR-2407-103,aspecto_score,ANL-03,1,ANL-04,1
DLR-2407-103,estufa50_score,ANL-03,1,ANL-04,0
DLR-2407-103,centrifugacao_score,ANL-03,1,ANL-04,1
DES-2503-241,aspecto_score,ANL-01,0,ANL-04,0
DES-2503-241,estufa50_score,ANL-01,0,ANL-04,0
DES-2503-241,centrifugacao_score,ANL-01,0,ANL-04,1
ALV-2409-151,aspecto_score,ANL-01,2,ANL-04,1
ALV-2409-151,estufa50_score,ANL-01,2,ANL-04,2
ALV-2409-151,centrifugacao_score,ANL-01,2,ANL-04,2
DLR-2402-012,aspecto_score,ANL-02,1,ANL-04,2
DLR-2402-012,estufa50_score,ANL-02,1,ANL-04,1
DLR-2402-012,centrifugacao_score,ANL-02,1,ANL-04,1
DLR-2403-036,aspecto_score,ANL-01,1,ANL-04,1
DLR-2403-036,estufa50_score,ANL-01,1,ANL-04,1
DLR-2403-036,centrifugacao_score,ANL-01,2,ANL-04,2
DES-2408-117,aspecto_score,ANL-01,1,ANL-04,1
DES-2408-117,estufa50_score,ANL-01,0,ANL-04,0
DES-2408-117,centrifugacao_score,ANL-01,0,ANL-04,0
ALV-2409-130,aspecto_score,ANL-02,1,ANL-04,1
ALV-2409-130,estufa50_score,ANL-02,1,ANL-04,1
ALV-2409-130,centrifugacao_score,ANL-02,1,ANL-04,1
DES-2411-169,aspecto_score,ANL-03,1,ANL-04,1
DES-2411-169,estufa50_score,ANL-03,1,ANL-04,1
DES-2411-169,centrifugacao_score,ANL-03,1,ANL-04,1
LMU-2505-276,aspecto_score,ANL-03,0,ANL-04,0
LMU-2505-276,estufa50_score,ANL-03,1,ANL-04,2
LMU-2505-276,centrifugacao_score,ANL-03,0,ANL-04,0
DLL-2404-054,aspecto_score,ANL-01,1,ANL-04,1
DLL-2404-054,estufa50_score,ANL-01,1,ANL-04,1
DLL-2404-054,centrifugacao_score,ANL-01,2,ANL-04,2
DLR-2411-184,aspecto_score,ANL-02,0,ANL-04,0
DLR-2411-184,estufa50_score,ANL-02,0,ANL-04,0
DLR-2411-184,centrifugacao_score,ANL-02,0,ANL-04,0
DES-2402-011,aspecto_score,ANL-02,1,ANL-04,1
DES-2402-011,estufa50_score,ANL-02,1,ANL-04,1
DES-2402-011,centrifugacao_score,ANL-02,1,ANL-04,1
DES-2412-191,aspecto_score,ANL-03,1,ANL-04,1
DES-2412-191,estufa50_score,ANL-03,0,ANL-04,0
DES-2412-191,centrifugacao_score,ANL-03,1,ANL-04,2
DES-2410-154,aspecto_score,ANL-03,1,ANL-04,1
DES-2410-154,estufa50_score,ANL-03,1,ANL-04,1
DES-2410-154,centrifugacao_score,ANL-03,1,ANL-04,1
AMA-2409-136,aspecto_score,ANL-01,3,ANL-04,3
AMA-2409-136,estufa50_score,ANL-01,2,ANL-04,2
AMA-2409-136,centrifugacao_score,ANL-01,4,ANL-04,4
DLR-2506-291,aspecto_score,ANL-01,0,ANL-04,0
DLR-2506-291,estufa50_score,ANL-01,0,ANL-04,0
DLR-2506-291,centrifugacao_score,ANL-01,0,ANL-04,0
LMU-2409-141,aspecto_score,ANL-03,1,ANL-04,1
LMU-2409-141,estufa50_score,ANL-03,0,ANL-04,0
LMU-2409-141,centrifugacao_score,ANL-03,0,ANL-04,0
ALV-2403-034,aspecto_score,ANL-01,1,ANL-04,1
ALV-2403-034,estufa50_score,ANL-01,1,ANL-04,1
ALV-2403-034,centrifugacao_score,ANL-01,1,ANL-04,1
AMA-2409-128,aspecto_score,ANL-02,2,ANL-04,2
AMA-2409-128,estufa50_score,ANL-02,2,ANL-04,2
AMA-2409-128,centrifugacao_score,ANL-02,2,ANL-04,3
LMU-2503-262,aspecto_score,ANL-03,2,ANL-04,2
LMU-2503-262,estufa50_score,ANL-03,2,ANL-04,2
LMU-2503-262,centrifugacao_score,ANL-03,2,ANL-04,3
AMA-2406-083,aspecto_score,ANL-01,1,ANL-04,1
AMA-2406-083,estufa50_score,ANL-01,1,ANL-04,1
AMA-2406-083,centrifugacao_score,ANL-01,2,ANL-04,1
AMA-2405-063,aspecto_score,ANL-02,1,ANL-04,1
AMA-2405-063,estufa50_score,ANL-02,0,ANL-04,0
AMA-2405-063,centrifugacao_score,ANL-02,1,ANL-04,1
LMU-2411-182,aspecto_score,ANL-02,0,ANL-04,0
LMU-2411-182,estufa50_score,ANL-02,1,ANL-04,1
LMU-2411-182,centrifugacao_score,ANL-02,0,ANL-04,0
DLR-2503-247,aspecto_score,ANL-03,2,ANL-04,1
DLR-2503-247,estufa50_score,ANL-03,2,ANL-04,1
DLR-2503-247,centrifugacao_score,ANL-03,2,ANL-04,2
ALV-2408-120,aspecto_score,ANL-02,0,ANL-04,0
ALV-2408-120,estufa50_score,ANL-02,0,ANL-04,0
ALV-2408-120,centrifugacao_score,ANL-02,0,ANL-04,0
