lote,data_inicio_teste,produto_familia,produto_sigla,fornecedor_tensoativo,analista,instrumento_ph,d0_ph,d0_densidade_g_cm3,d0_delta_e_liberacao,d0_aspecto_score,d0_cor_score,d0_odor_conforme,d0_estufa50_score,d0_centrifugacao_score,d0_agitacao_score,classificacao_anvisa,ph_alvo,densidade_alvo,d0_residuo_ph,d0_residuo_densidade,e2_delta_ph_30d,e2_delta_densidade_30d,e2_delta_e_30d,e2_aspecto_score_30d,d7_delta_e_Ambiente_Escuro_25C,d7_delta_e_Estufa_40C,d7_delta_e_Geladeira_5C,d7_delta_e_Luz_Solar,d7_densidade_g_cm3_Ambiente_Escuro_25C,d7_densidade_g_cm3_Estufa_40C,d7_densidade_g_cm3_Geladeira_5C,d7_densidade_g_cm3_Luz_Solar,d7_ph_Ambiente_Escuro_25C,d7_ph_Estufa_40C,d7_ph_Geladeira_5C,d7_ph_Luz_Solar,status_estagio1,status_estagio2,status_estagio3_90d,fotoestabilidade_90d,estagio_final,sobreviveu_90d,chegou_ao_estagio3
LMU-2401-001,2024-01-11,Limpador Multiuso Alcalino,LMU,FOR-C,ANL-01,PH-01,10.15,1.005,0.911,1,1,1,1,1,1.0,Risco 1,10.2,1.01,-0.049999999999998934,-0.0050000000000001155,-0.08999999999999986,0.0,0.387,0.0,0.03,0.142,0.003,0.649,1.006,1.004,1.003,1.005,10.08,10.02,10.05,10.01,Aprovado,Aprovado,Aprovado,Conforme,Aprovado aos 90 dias,True,True
DLL-2401-002,2024-01-18,Detergente Liquido Lava-Loucas,DLL,FOR-B,ANL-01,PH-01,7.34,1.033,0.672,0,0,1,0,0,1.0,Risco 1,7.6,1.032,-0.2599999999999998,0.0009999999999998899,-0.08999999999999986,0.0,0.238,0.0,0.019,0.087,0.002,0.391,1.036,1.034,1.032,1.031,7.27,7.19,7.25,7.25,Aprovado,Aprovado,Aprovado,Conforme,Aprovado aos 90 dias,True,True
ALV-2401-003,2024-01-19,Alvejante Liquido sem Cloro,ALV,FOR-C,ANL-02,PH-01,4.47,1.045,0.684,1,0,1,0,1,1.0,Risco 1,4.2,1.045,0.2699999999999996,0.0,-0.09999999999999964,0.001000000000000112,0.315,0.0,0.025,0.116,0.002,0.99,1.047,1.048,1.044,1.046,4.39,4.27,4.4,4.4,Aprovado,Aprovado,Aprovado,Conforme,Aprovado aos 90 dias,True,True
DLL-2401-004,2024-01-20,Detergente Liquido Lava-Loucas,DLL,FOR-C,ANL-02,PH-01,8.01,1.043,0.514,1,0,1,2,4,4.0,Risco 1,7.6,1.032,0.41000000000000014,0.010999999999999899,,,,,,,,,,,,,,,,,Reprovado,,,,Reprovado no Teste Inicial,False,False
ALV-2401-005,2024-01-20,Alvejante Liquido sem Cloro,ALV,FOR-A,ANL-03,PH-01,4.13,1.046,1.208,0,1,1,0,0,0.0,Risco 1,4.2,1.045,-0.07000000000000028,0.001000000000000112,-0.009999999999999787,0.0020000000000000018,0.333,0.0,0.026,0.122,0.003,1.049,1.05,1.049,1.045,1.05,4.14,4.09,4.12,4.11,Aprovado,Aprovado,Aprovado,Conforme,Aprovado aos 90 dias,True,True
LMU-2401-006,2024-01-24,Limpador Multiuso Alcalino,LMU,FOR-A,ANL-03,PH-01,10.06,1.008,0.681,0,0,1,0,1,1.0,Risco 1,10.2,1.01,-0.1399999999999988,-0.0020000000000000018,-0.08000000000000007,0.0020000000000000018,0.382,0.0,,,,,,,,,,,,,Aprovado,Reprovado,,,Reprovado na Estabilidade Preliminar,False,False
AMA-2401-007,2024-01-26,Amaciante de Roupas (esterquat),AMA,FOR-A,ANL-02,PH-01,3.69,1.003,0.92,0,1,1,1,1,0.0,Risco 1,3.2,0.996,0.48999999999999977,0.006999999999999895,-0.08000000000000007,0.0,0.434,1.0,0.034,0.158,0.003,0.577,1.002,1.002,1.003,1.001,3.57,3.53,3.63,3.61,Aprovado,Aprovado,Aprovado,Conforme,Aprovado aos 90 dias,True,True
LMU-2401-008,2024-01-28,Limpador Multiuso Alcalino,LMU,FOR-B,ANL-03,PH-01,10.18,1.009,0.693,3,0,1,2,1,1.0,Risco 1,10.2,1.01,-0.019999999999999574,-0.001000000000000112,,,,,,,,,,,,,,,,,Reprovado,,,,Reprovado no Teste Inicial,False,False
LMU-2401-009,2024-01-30,Limpador Multiuso Alcalino,LMU,FOR-B,ANL-01,PH-01,10.59,1.011,0.342,1,0,1,1,0,1.0,Risco 1,10.2,1.01,0.39000000000000057,0.0009999999999998899,-0.129999999999999,0.0030000000000001137,0.385,1.0,0.03,0.141,0.003,0.646,1.014,1.014,1.014,1.014,10.44,10.42,10.45,10.43,Aprovado,Aprovado,Aprovado,Conforme,Aprovado aos 90 dias,True,True
AMA-2401-010,2024-01-31,Amaciante de Roupas (esterquat),AMA,FOR-A,ANL-03,PH-01,3.37,0.996,0.129,0,0,1,0,0,1.0,Risco 1,3.2,0.996,0.16999999999999993,0.0,-0.0900000000000003,-0.0020000000000000018,0.444,0.0,0.034,0.162,0.003,0.591,0.994,0.994,0.994,0.996,3.27,3.23,3.27,3.32,Aprovado,Aprovado,Aprovado,Conforme,Aprovado aos 90 dias,True,True
DLR-2402-011,2024-02-08,Detergente Liquido para Roupas,DLR,FOR-A,ANL-02,PH-02,9.95,1.025,1.128,2,1,1,2,1,1.0,Risco 1,9.6,1.022,0.34999999999999964,0.0029999999999998916,-0.14999999999999858,0.001000000000000112,0.394,3.0,,,,,,,,,,,,,Aprovado,Reprovado,,,Reprovado na Estabilidade Preliminar,False,False
AMA-2402-012,2024-02-11,Amaciante de Roupas (esterquat),AMA,FOR-A,ANL-02,PH-01,3.25,1.003,1.092,1,1,1,1,1,1.0,Risco 1,3.2,0.996,0.04999999999999982,0.006999999999999895,-0.1200000000000001,0.0020000000000000018,0.448,1.0,0.035,0.163,0.003,0.595,1.003,1.005,1.006,1.005,3.11,3.06,3.12,3.1,Aprovado,Aprovado,Reprovado,Conforme,Reprovado na Estabilidade Acelerada,False,True
DES-2402-013,2024-02-12,Desinfetante Quaternario Concentrado,DES,FOR-B,ANL-02,PH-02,7.04,1.002,0.544,2,0,1,2,1,,Risco 2,7.0,1.005,0.040000000000000036,-0.0029999999999998916,-0.08000000000000007,-0.0030000000000000027,0.223,2.0,0.017,0.081,0.002,0.508,0.998,0.999,1.0,0.998,6.96,6.92,6.92,6.95,Aprovado,Aprovado,Reprovado,Conforme,Reprovado na Estabilidade Acelerada,False,True
DLR-2402-014,2024-02-13,Detergente Liquido para Roupas,DLR,FOR-C,ANL-02,PH-02,9.63,1.019,0.857,1,1,1,1,1,1.0,Risco 1,9.6,1.022,0.030000000000001137,-0.0030000000000001137,-0.09000000000000163,-0.0009999999999998899,0.394,1.0,0.031,0.144,0.003,0.699,1.017,1.018,1.018,1.015,9.48,9.55,9.53,9.57,Aprovado,Aprovado,Aprovado,Conforme,Aprovado aos 90 dias,True,True
AMA-2402-015,2024-02-18,Amaciante de Roupas (esterquat),AMA,FOR-A,ANL-01,PH-02,3.17,1.004,0.728,2,0,1,2,2,2.0,Risco 1,3.2,0.996,-0.03000000000000025,0.008000000000000007,-0.16000000000000014,0.0040000000000000036,0.439,3.0,,,,,,,,,,,,,Aprovado,Reprovado,,,Reprovado na Estabilidade Preliminar,False,False
LMU-2402-016,2024-02-19,Limpador Multiuso Alcalino,LMU,FOR-B,ANL-03,PH-02,10.23,1.012,1.072,1,1,1,1,1,1.0,Risco 1,10.2,1.01,0.030000000000001137,0.0020000000000000018,-0.07000000000000028,-0.0020000000000000018,0.384,1.0,0.03,0.141,0.003,0.647,1.012,1.009,1.008,1.007,10.17,10.12,10.15,10.17,Aprovado,Aprovado,Aprovado,Conforme,Aprovado aos 90 dias,True,True
DLR-2402-017,2024-02-19,Detergente Liquido para Roupas,DLR,FOR-C,ANL-01,PH-02,9.59,1.021,0.393,0,0,1,0,1,0.0,Risco 1,9.6,1.022,-0.009999999999999787,-0.001000000000000112,-0.03999999999999915,0.001000000000000112,0.394,0.0,0.031,0.144,0.003,0.7,1.019,1.024,1.022,1.026,9.58,9.54,9.5,9.53,Aprovado,Aprovado,Aprovado,Conforme,Aprovado aos 90 dias,True,True
DLR-2402-018,2024-02-21,Detergente Liquido para Roupas,DLR,FOR-B,ANL-02,PH-02,9.73,1.028,0.736,2,0,1,2,2,1.0,Risco 1,9.6,1.022,0.13000000000000078,0.006000000000000005,-0.040000000000000924,0.0009999999999998899,0.388,3.0,,,,,,,,,,,,,Aprovado,Reprovado,,,Reprovado na Estabilidade Preliminar,False,False
DLL-2402-019,2024-02-22,Detergente Liquido Lava-Loucas,DLL,FOR-C,ANL-01,PH-02,7.85,1.024,0.935,1,1,1,1,1,0.0,Risco 1,7.6,1.032,0.25,-0.008000000000000007,-0.05999999999999961,0.0020000000000000018,0.241,0.0,0.019,0.088,0.002,0.398,1.027,1.029,1.028,1.024,7.84,7.81,7.77,7.75,Aprovado,Aprovado,Aprovado,Conforme,Aprovado aos 90 dias,True,True
AMA-2402-020,2024-02-23,Amaciante de Roupas (esterquat),AMA,FOR-A,ANL-01,PH-02,3.31,0.996,0.386,0,0,1,0,0,1.0,Risco 1,3.2,0.996,0.10999999999999988,0.0,-0.040000000000000036,0.0030000000000000027,0.447,0.0,0.035,0.163,0.003,0.596,1.001,0.999,0.998,1.0,3.27,3.23,3.24,3.23,Aprovado,Aprovado,Aprovado,Conforme,Aprovado aos 90 dias,True,True
ALV-2402-021,2024-02-24,Alvejante Liquido sem Cloro,ALV,FOR-A,ANL-03,PH-02,4.36,1.036,1.753,1,2,1,1,1,1.0,Risco 1,4.2,1.045,0.16000000000000014,-0.008999999999999897,-0.15000000000000036,0.0009999999999998899,0.338,1.0,0.026,0.124,0.003,1.07,1.037,1.04,1.035,1.036,4.19,4.16,4.22,4.19,Aprovado,Aprovado,Aprovado,Nao conforme,Aprovado aos 90 dias,True,True
LMU-2402-022,2024-02-25,Limpador Multiuso Alcalino,LMU,FOR-A,ANL-02,PH-01,10.54,1.012,0.636,1,0,1,1,1,1.0,Risco 1,10.2,1.01,0.33999999999999986,0.0020000000000000018,-0.0799999999999983,0.0,0.389,2.0,0.03,0.143,0.003,0.654,1.012,1.01,1.009,1.013,10.41,10.36,10.43,10.43,Aprovado,Aprovado,Reprovado,Conforme,Reprovado na Estabilidade Acelerada,False,True
DLL-2402-023,2024-02-25,Detergente Liquido Lava-Loucas,DLL,FOR-B,ANL-02,PH-01,7.58,1.023,0.514,1,0,1,1,1,1.0,Risco 1,7.6,1.032,-0.019999999999999574,-0.009000000000000119,-0.08999999999999986,0.001000000000000112,0.239,0.0,0.019,0.087,0.002,0.394,1.025,1.027,1.024,1.025,7.52,7.43,7.52,7.49,Aprovado,Aprovado,Aprovado,Conforme,Aprovado aos 90 dias,True,True
DLR-2402-024,2024-02-25,Detergente Liquido para Roupas,DLR,FOR-C,ANL-03,PH-01,9.26,1.027,0.479,1,0,1,1,4,4.0,Risco 1,9.6,1.022,-0.33999999999999986,0.004999999999999893,,,,,,,,,,,,,,,,,Reprovado,,,,Reprovado no Teste Inicial,False,False
DLL-2402-025,2024-02-26,Detergente Liquido Lava-Loucas,DLL,FOR-A,ANL-01,PH-01,7.72,1.033,0.598,1,0,1,1,1,1.0,Risco 1,7.6,1.032,0.1200000000000001,0.0009999999999998899,-0.08000000000000007,-0.0009999999999998899,0.241,2.0,0.019,0.088,0.002,0.398,1.032,1.032,1.03,1.031,7.66,7.61,7.64,7.58,Aprovado,Aprovado,Reprovado,Conforme,Reprovado na Estabilidade Acelerada,False,True
DLL-2402-026,2024-02-27,Detergente Liquido Lava-Loucas,DLL,FOR-B,ANL-03,PH-02,7.53,1.031,0.271,1,0,1,1,1,2.0,Risco 1,7.6,1.032,-0.0699999999999994,-0.001000000000000112,-0.04999999999999982,0.0020000000000000018,0.238,1.0,0.019,0.087,0.002,0.392,1.033,1.033,1.031,1.035,7.5,7.47,7.48,7.49,Aprovado,Aprovado,Aprovado,Conforme,Aprovado aos 90 dias,True,True
DES-2402-027,2024-02-28,Desinfetante Quaternario Concentrado,DES,FOR-C,ANL-02,PH-01,6.95,1.003,0.595,1,0,1,1,1,,Risco 2,7.0,1.005,-0.04999999999999982,-0.0020000000000000018,-0.04999999999999982,0.0040000000000000036,0.22,0.0,0.017,0.08,0.002,0.498,1.005,1.006,1.007,1.005,6.87,6.93,6.91,6.89,Aprovado,Aprovado,Aprovado,Conforme,Aprovado aos 90 dias,True,True
LMU-2402-028,2024-02-29,Limpador Multiuso Alcalino,LMU,FOR-A,ANL-01,PH-02,9.74,1.007,1.244,0,1,1,0,0,0.0,Risco 1,10.2,1.01,-0.4599999999999991,-0.0030000000000001137,-0.05000000000000071,0.001000000000000112,0.384,0.0,0.03,0.141,0.003,0.642,1.006,1.009,1.009,1.006,9.72,9.63,9.7,9.74,Aprovado,Aprovado,Reprovado,Conforme,Reprovado na Estabilidade Acelerada,False,True
LMU-2402-029,2024-02-29,Limpador Multiuso Alcalino,LMU,FOR-C,ANL-03,PH-02,10.33,0.994,0.106,1,0,1,1,1,1.0,Risco 1,10.2,1.01,0.13000000000000078,-0.016000000000000014,,,,,,,,,,,,,,,,,Reprovado,,,,Reprovado no Teste Inicial,False,False
ALV-2403-030,2024-03-03,Alvejante Liquido sem Cloro,ALV,FOR-B,ANL-01,PH-02,4.53,1.047,1.238,2,1,1,2,3,2.0,Risco 1,4.2,1.045,0.33000000000000007,0.0020000000000000018,-0.14000000000000057,0.001000000000000112,0.311,3.0,,,,,,,,,,,,,Aprovado,Reprovado,,,Reprovado na Estabilidade Preliminar,False,False
ALV-2403-031,2024-03-05,Alvejante Liquido sem Cloro,ALV,FOR-A,ANL-03,PH-02,4.41,1.045,1.755,1,2,1,2,3,2.0,Risco 1,4.2,1.045,0.20999999999999996,0.0,-0.17999999999999972,0.0,0.325,3.0,,,,,,,,,,,,,Aprovado,Reprovado,,,Reprovado na Estabilidade Preliminar,False,False
DES-2403-032,2024-03-09,Desinfetante Quaternario Concentrado,DES,FOR-A,ANL-01,PH-02,7.2,1.009,0.436,2,0,1,2,1,,Risco 2,7.0,1.005,0.20000000000000018,0.0040000000000000036,-0.08000000000000007,-0.0020000000000000018,0.222,2.0,0.017,0.081,0.002,0.507,1.006,1.006,1.004,1.006,7.11,7.08,7.11,7.14,Aprovado,Aprovado,Reprovado,Nao conforme,Reprovado na Estabilidade Acelerada,False,True
LMU-2403-033,2024-03-11,Limpador Multiuso Alcalino,LMU,FOR-B,ANL-01,PH-02,10.27,1.014,0.534,2,0,1,2,1,1.0,Risco 1,10.2,1.01,0.07000000000000028,0.0040000000000000036,-0.15000000000000036,-0.001000000000000112,0.381,4.0,,,,,,,,,,,,,Aprovado,Reprovado,,,Reprovado na Estabilidade Preliminar,False,False
DES-2403-034,2024-03-16,Desinfetante Quaternario Concentrado,DES,FOR-A,ANL-02,PH-02,6.8,1.005,1.038,1,1,1,1,0,,Risco 2,7.0,1.005,-0.20000000000000018,0.0,-0.019999999999999574,0.0020000000000000018,0.225,0.0,0.017,0.082,0.002,0.512,1.008,1.008,1.005,1.005,6.77,6.75,6.86,6.78,Aprovado,Aprovado,Aprovado,Conforme,Aprovado aos 90 dias,True,True
LMU-2403-035,2024-03-16,Limpador Multiuso Alcalino,LMU,FOR-C,ANL-02,PH-02,10.59,1.004,0.75,0,0,1,0,1,0.0,Risco 1,10.2,1.01,0.39000000000000057,-0.006000000000000005,-0.07000000000000028,0.0020000000000000018,0.383,0.0,0.03,0.14,0.003,0.641,1.006,1.007,1.006,1.007,10.53,10.49,10.48,10.54,Aprovado,Aprovado,Aprovado,Conforme,Aprovado aos 90 dias,True,True
ALV-2403-036,2024-03-17,Alvejante Liquido sem Cloro,ALV,FOR-B,ANL-01,PH-01,4.23,1.036,0.733,0,0,1,0,1,1.0,Risco 1,4.2,1.045,0.03000000000000025,-0.008999999999999897,-0.09000000000000075,0.0040000000000000036,0.316,1.0,0.025,0.116,0.002,0.994,1.041,1.04,1.04,1.039,4.13,4.07,4.15,4.1,Aprovado,Aprovado,Aprovado,Conforme,Aprovado aos 90 dias,True,True
ALV-2403-037,2024-03-18,Alvejante Liquido sem Cloro,ALV,FOR-A,ANL-02,PH-01,4.3,1.04,0.835,2,1,1,2,2,2.0,Risco 1,4.2,1.045,0.09999999999999964,-0.004999999999999893,-0.10999999999999943,0.0029999999999998916,0.33,2.0,,,,,,,,,,,,,Aprovado,Reprovado,,,Reprovado na Estabilidade Preliminar,False,False
ALV-2403-038,2024-03-23,Alvejante Liquido sem Cloro,ALV,FOR-B,ANL-02,PH-01,4.35,1.045,1.015,1,1,1,3,3,2.0,Risco 1,4.2,1.045,0.14999999999999947,0.0,,,,,,,,,,,,,,,,,Reprovado,,,,Reprovado no Teste Inicial,False,False
DLL-2403-039,2024-03-23,Detergente Liquido Lava-Loucas,DLL,FOR-A,ANL-01,PH-02,7.39,1.035,0.647,2,0,1,1,3,4.0,Risco 1,7.6,1.032,-0.20999999999999996,0.0029999999999998916,,,,,,,,,,,,,,,,,Reprovado,,,,Reprovado no Teste Inicial,False,False
ALV-2403-040,2024-03-23,Alvejante Liquido sem Cloro,ALV,FOR-C,ANL-03,PH-01,4.33,1.046,1.449,2,1,1,3,3,2.0,Risco 1,4.2,1.045,0.1299999999999999,0.001000000000000112,,,,,,,,,,,,,,,,,Reprovado,,,,Reprovado no Teste Inicial,False,False
LMU-2403-041,2024-03-26,Limpador Multiuso Alcalino,LMU,FOR-B,ANL-02,PH-02,10.33,1.01,0.392,2,0,1,4,1,0.0,Risco 1,10.2,1.01,0.13000000000000078,0.0,,,,,,,,,,,,,,,,,Reprovado,,,,Reprovado no Teste Inicial,False,False
DLL-2403-042,2024-03-29,Detergente Liquido Lava-Loucas,DLL,FOR-A,ANL-01,PH-02,7.85,1.036,1.199,2,1,1,2,1,1.0,Risco 1,7.6,1.032,0.25,0.0040000000000000036,-0.08999999999999986,0.0029999999999998916,0.235,3.0,,,,,,,,,,,,,Aprovado,Reprovado,,,Reprovado na Estabilidade Preliminar,False,False
AMA-2403-043,2024-03-30,Amaciante de Roupas (esterquat),AMA,FOR-C,ANL-01,PH-01,3.12,1.0,0.764,1,0,1,1,1,0.0,Risco 1,3.2,0.996,-0.08000000000000007,0.0040000000000000036,-0.050000000000000266,0.0040000000000000036,0.442,1.0,0.034,0.161,0.003,0.588,1.007,1.004,1.004,1.004,3.08,3.02,3.08,3.03,Aprovado,Aprovado,Reprovado,Conforme,Reprovado na Estabilidade Acelerada,False,True
DLL-2403-044,2024-03-31,Detergente Liquido Lava-Loucas,DLL,FOR-A,ANL-02,PH-01,7.47,1.033,0.628,1,0,1,2,1,1.0,Risco 1,7.6,1.032,-0.1299999999999999,0.0009999999999998899,-0.05999999999999961,0.001000000000000112,0.239,2.0,0.019,0.087,0.002,0.394,1.035,1.037,1.034,1.032,7.42,7.37,7.37,7.42,Aprovado,Aprovado,Reprovado,Conforme,Reprovado na Estabilidade Acelerada,False,True
DLR-2404-045,2024-04-03,Detergente Liquido para Roupas,DLR,FOR-B,ANL-01,PH-01,9.8,1.018,0.485,1,0,1,2,1,1.0,Risco 1,9.6,1.022,0.20000000000000107,-0.0040000000000000036,-0.10000000000000142,0.0020000000000000018,0.392,2.0,0.031,0.143,0.003,0.697,1.02,1.021,1.019,1.021,9.65,9.64,9.74,9.69,Aprovado,Aprovado,Aprovado,Conforme,Aprovado aos 90 dias,True,True
DES-2404-046,2024-04-03,Desinfetante Quaternario Concentrado,DES,FOR-A,ANL-01,PH-01,6.91,1.014,0.462,2,0,1,2,1,,Risco 2,7.0,1.005,-0.08999999999999986,0.009000000000000119,-0.10000000000000053,-0.0030000000000001137,0.219,4.0,,,,,,,,,,,,,Aprovado,Reprovado,,,Reprovado na Estabilidade Preliminar,False,False
DLL-2404-047,2024-04-04,Detergente Liquido Lava-Loucas,DLL,FOR-C,ANL-02,PH-02,7.74,1.035,1.151,1,1,1,0,0,1.0,Risco 1,7.6,1.032,0.14000000000000057,0.0029999999999998916,-0.0600000000000005,0.0020000000000000018,0.238,1.0,0.019,0.087,0.002,0.391,1.037,1.039,1.038,1.038,7.71,7.72,7.7,7.62,Aprovado,Aprovado,Aprovado,Conforme,Aprovado aos 90 dias,True,True
LMU-2404-048,2024-04-06,Limpador Multiuso Alcalino,LMU,FOR-A,ANL-01,PH-02,10.03,1.011,0.785,2,0,1,1,1,1.0,Risco 1,10.2,1.01,-0.16999999999999993,0.0009999999999998899,-0.08999999999999986,0.0,0.379,2.0,0.03,0.139,0.003,0.635,1.009,1.012,1.011,1.01,9.92,9.91,9.99,9.9,Aprovado,Aprovado,Reprovado,Conforme,Reprovado na Estabilidade Acelerada,False,True
DLR-2404-049,2024-04-06,Detergente Liquido para Roupas,DLR,FOR-A,ANL-01,PH-02,9.74,1.024,0.754,0,0,1,0,1,1.0,Risco 1,9.6,1.022,0.14000000000000057,0.0020000000000000018,-0.02999999999999936,0.0009999999999998899,0.396,1.0,0.031,0.145,0.003,0.704,1.024,1.029,1.025,1.025,9.64,9.66,9.75,9.69,Aprovado,Aprovado,Aprovado,Conforme,Aprovado aos 90 dias,True,True
DLL-2404-050,2024-04-07,Detergente Liquido Lava-Loucas,DLL,FOR-B,ANL-02,PH-02,7.67,1.028,0.388,1,0,1,1,1,1.0,Risco 1,7.6,1.032,0.07000000000000028,-0.0040000000000000036,-0.09999999999999964,0.0,0.24,1.0,0.019,0.088,0.002,0.396,1.029,1.029,1.027,1.026,7.56,7.53,7.56,7.57,Aprovado,Aprovado,Aprovado,Conforme,Aprovado aos 90 dias,True,True
DLL-2404-051,2024-04-09,Detergente Liquido Lava-Loucas,DLL,FOR-C,ANL-03,PH-02,7.39,1.031,0.59,1,0,1,0,1,1.0,Risco 1,7.6,1.032,-0.20999999999999996,-0.001000000000000112,-0.13999999999999968,0.0,0.238,1.0,0.019,0.087,0.002,0.391,1.031,1.031,1.029,1.032,7.26,7.23,7.3,7.23,Aprovado,Aprovado,Aprovado,Conforme,Aprovado aos 90 dias,True,True
ALV-2404-052,2024-04-11,Alvejante Liquido sem Cloro,ALV,FOR-A,ANL-01,PH-02,4.06,1.005,1.212,1,1,0,1,2,2.0,Risco 1,4.2,1.045,-0.14000000000000057,-0.040000000000000036,,,,,,,,,,,,,,,,,Reprovado,,,,Reprovado no Teste Inicial,False,False
LMU-2404-053,2024-04-12,Limpador Multiuso Alcalino,LMU,FOR-B,ANL-03,PH-02,10.13,1.013,0.271,1,0,1,2,1,1.0,Risco 1,10.2,1.01,-0.06999999999999851,0.0029999999999998916,-0.0600000000000005,0.001000000000000112,0.384,2.0,,,,,,,,,,,,,Aprovado,Reprovado,,,Reprovado na Estabilidade Preliminar,False,False
DES-2404-054,2024-04-13,Desinfetante Quaternario Concentrado,DES,FOR-C,ANL-02,PH-01,6.97,10.1,1.583,0,1,1,1,1,,Risco 2,7.0,1.005,-0.03000000000000025,9.094999999999999,,,,,,,,,,,,,,,,,Reprovado,,,,Reprovado no Teste Inicial,False,False
DLL-2404-055,2024-04-15,Detergente Liquido Lava-Loucas,DLL,FOR-A,ANL-01,PH-02,7.42,1.038,0.737,0,0,1,0,2,1.0,Risco 1,7.6,1.032,-0.17999999999999972,0.006000000000000005,-0.05999999999999961,-0.001000000000000112,0.238,0.0,0.019,0.087,0.002,0.392,1.034,1.038,1.036,1.04,7.38,7.27,7.39,7.34,Aprovado,Aprovado,Reprovado,Conforme,Reprovado na Estabilidade Acelerada,False,True
DES-2404-056,2024-04-18,Desinfetante Quaternario Concentrado,DES,FOR-C,ANL-01,PH-01,7.21,1.006,0.234,1,0,1,1,1,,Risco 2,7.0,1.005,0.20999999999999996,0.001000000000000112,-0.009999999999999787,0.0,0.222,1.0,0.017,0.081,0.002,0.507,1.005,1.006,1.005,1.007,7.13,7.16,7.19,7.18,Aprovado,Aprovado,Aprovado,Conforme,Aprovado aos 90 dias,True,True
LMU-2404-057,2024-04-19,Limpador Multiuso Alcalino,LMU,FOR-C,ANL-03,PH-01,10.04,1.013,0.775,1,0,1,1,1,1.0,Risco 1,10.2,1.01,-0.16000000000000014,0.0029999999999998916,-0.0799999999999983,0.001000000000000112,0.388,1.0,0.03,0.142,0.003,0.652,1.013,1.011,1.015,1.019,9.88,9.9,9.94,9.97,Aprovado,Aprovado,Reprovado,Conforme,Reprovado na Estabilidade Acelerada,False,True
ALV-2404-058,2024-04-22,Alvejante Liquido sem Cloro,ALV,FOR-A,ANL-01,PH-02,4.16,1.045,0.533,1,0,1,0,1,1.0,Risco 1,4.2,1.045,-0.040000000000000036,0.0,-0.1299999999999999,0.001000000000000112,0.316,1.0,,,,,,,,,,,,,Aprovado,Reprovado,,,Reprovado na Estabilidade Preliminar,False,False
LMU-2404-059,2024-04-24,Limpador Multiuso Alcalino,LMU,FOR-A,ANL-03,PH-01,10.12,1.011,0.094,2,0,1,2,1,1.0,Risco 1,10.2,1.01,-0.08000000000000007,0.0009999999999998899,-0.05999999999999872,0.0020000000000000018,0.385,4.0,,,,,,,,,,,,,Aprovado,Reprovado,,,Reprovado na Estabilidade Preliminar,False,False
DLL-2404-060,2024-04-25,Detergente Liquido Lava-Loucas,DLL,FOR-C,ANL-01,PH-01,7.92,1.029,0.973,1,1,1,1,1,1.0,Risco 1,7.6,1.032,0.3200000000000003,-0.0030000000000001137,-0.040000000000000036,0.001000000000000112,0.24,0.0,0.019,0.088,0.002,0.396,1.032,1.03,1.028,1.029,7.9,7.84,7.89,7.88,Aprovado,Aprovado,Aprovado,Conforme,Aprovado aos 90 dias,True,True
ALV-2404-061,2024-04-26,Alvejante Liquido sem Cloro,ALV,FOR-C,ANL-02,PH-02,4.38,1.045,1.441,0,1,1,0,0,0.0,Risco 1,4.2,1.045,0.17999999999999972,0.0,-0.03000000000000025,0.001000000000000112,0.328,0.0,0.026,0.12,0.003,1.036,1.046,1.045,1.047,1.045,4.36,4.33,4.32,4.33,Aprovado,Aprovado,Aprovado,Conforme,Aprovado aos 90 dias,True,True
LMU-2405-062,2024-05-02,Limpador Multiuso Alcalino,LMU,FOR-B,ANL-02,PH-01,10.26,1.011,0.924,1,1,0,2,1,1.0,Risco 1,10.2,1.01,0.0600000000000005,0.0009999999999998899,,,,,,,,,,,,,,,,,Reprovado,,,,Reprovado no Teste Inicial,False,False
DLL-2405-063,2024-05-09,Detergente Liquido Lava-Loucas,DLL,FOR-C,ANL-03,PH-02,7.64,1.036,0.147,0,0,1,0,0,0.0,Risco 1,7.6,1.032,0.040000000000000036,0.0040000000000000036,-0.04999999999999982,0.0,0.238,0.0,0.019,0.087,0.002,0.392,1.034,1.036,1.033,1.036,7.56,7.55,7.54,7.59,Aprovado,Aprovado,Aprovado,Conforme,Aprovado aos 90 dias,True,True
AMA-2405-064,2024-05-09,Amaciante de Roupas (esterquat),AMA,FOR-B,ANL-02,PH-02,3.55,0.996,1.152,2,1,0,2,2,2.0,Risco 1,3.2,0.996,0.34999999999999964,0.0,,,,,,,,,,,,,,,,,Reprovado,,,,Reprovado no Teste Inicial,False,False
DLR-2405-065,2024-05-13,Detergente Liquido para Roupas,DLR,FOR-A,ANL-02,PH-02,9.87,1.023,0.24,2,0,1,1,1,1.0,Risco 1,9.6,1.022,0.2699999999999996,0.0009999999999998899,-0.05999999999999872,0.001000000000000112,0.392,2.0,0.031,0.143,0.003,0.695,1.024,1.025,1.023,1.025,9.8,9.82,9.8,9.75,Aprovado,Aprovado,Reprovado,Conforme,Reprovado na Estabilidade Acelerada,False,True
DLL-2405-066,2024-05-15,Detergente Liquido Lava-Loucas,DLL,FOR-B,ANL-02,PH-02,7.3,1.033,0.418,0,0,1,1,1,1.0,Risco 1,7.6,1.032,-0.2999999999999998,0.0009999999999998899,-0.040000000000000036,0.0020000000000000018,0.236,0.0,0.018,0.086,0.002,0.388,1.035,1.035,1.034,1.034,7.28,7.18,7.32,7.27,Aprovado,Aprovado,Aprovado,Conforme,Aprovado aos 90 dias,True,True
AMA-2405-067,2024-05-16,Amaciante de Roupas (esterquat),AMA,FOR-B,ANL-01,PH-01,3.13,0.996,0.265,1,0,1,0,0,0.0,Risco 1,3.2,0.996,-0.07000000000000028,0.0,-0.040000000000000036,0.0,0.444,0.0,0.034,0.162,0.003,0.591,0.996,0.995,0.996,0.996,3.14,3.07,3.12,3.11,Aprovado,Aprovado,Aprovado,Conforme,Aprovado aos 90 dias,True,True
AMA-2405-068,2024-05-19,Amaciante de Roupas (esterquat),AMA,FOR-A,ANL-03,PH-01,3.08,0.998,0.933,0,1,1,0,0,0.0,Risco 1,3.2,0.996,-0.1200000000000001,0.0020000000000000018,-0.16000000000000014,0.0,0.453,0.0,0.035,0.165,0.003,0.604,1.0,0.995,1.0,1.0,2.94,2.88,2.92,2.93,Aprovado,Aprovado,Reprovado,Conforme,Reprovado na Estabilidade Acelerada,False,True
AMA-2405-069,2024-05-28,Amaciante de Roupas (esterquat),AMA,FOR-A,ANL-03,PH-02,3.23,0.996,1.136,0,1,1,0,0,0.0,Risco 1,3.2,0.996,0.029999999999999805,0.0,-0.06999999999999984,0.0010000000000000009,0.43,0.0,0.033,0.157,0.003,0.571,0.993,0.996,0.996,0.996,3.18,3.09,3.14,3.18,Aprovado,Aprovado,Reprovado,Conforme,Reprovado na Estabilidade Acelerada,False,True
DES-2405-070,2024-05-29,Desinfetante Quaternario Concentrado,DES,FOR-B,ANL-03,PH-01,7.16,1.005,0.379,2,0,1,2,1,,Risco 2,7.0,1.005,0.16000000000000014,0.0,-0.08999999999999986,0.0020000000000000018,0.22,2.0,0.017,0.08,0.002,0.501,1.008,1.007,1.004,1.009,7.06,7.06,7.08,7.09,Aprovado,Aprovado,Reprovado,Nao conforme,Reprovado na Estabilidade Acelerada,False,True
LMU-2405-071,2024-05-30,Limpador Multiuso Alcalino,LMU,FOR-B,ANL-03,PH-01,10.09,1.01,0.562,1,0,1,2,1,2.0,Risco 1,10.2,1.01,-0.10999999999999943,0.0,-0.129999999999999,0.0009999999999998899,0.382,3.0,,,,,,,,,,,,,Aprovado,Reprovado,,,Reprovado na Estabilidade Preliminar,False,False
DES-2405-072,2024-05-31,Desinfetante Quaternario Concentrado,DES,FOR-B,ANL-02,PH-02,7.03,1.007,0.525,1,0,1,1,1,,Risco 2,7.0,1.005,0.03000000000000025,0.0020000000000000018,-0.040000000000000036,-0.0009999999999998899,0.22,1.0,0.017,0.08,0.002,0.499,1.009,1.007,1.006,1.005,6.97,6.91,6.99,7.0,Aprovado,Aprovado,Aprovado,Conforme,Aprovado aos 90 dias,True,True
DLL-2406-073,2024-06-03,Detergente Liquido Lava-Loucas,DLL,FOR-C,ANL-02,PH-01,7.56,1.027,0.756,1,0,1,1,2,1.0,Risco 1,7.6,1.032,-0.040000000000000036,-0.0050000000000001155,-0.04999999999999982,0.0050000000000001155,0.241,1.0,0.019,0.088,0.002,0.398,1.033,1.033,1.032,1.033,7.52,7.48,7.52,7.52,Aprovado,Aprovado,Aprovado,Conforme,Aprovado aos 90 dias,True,True
ALV-2406-074,2024-06-04,Alvejante Liquido sem Cloro,ALV,FOR-A,ANL-03,PH-02,4.19,1.045,1.393,1,1,1,0,0,0.0,Risco 1,4.2,1.045,-0.009999999999999787,0.0,-0.14000000000000057,0.0040000000000000036,0.334,0.0,0.026,0.123,0.003,1.057,1.05,1.049,1.05,1.05,4.01,4.04,4.05,4.03,Aprovado,Aprovado,Reprovado,Conforme,Reprovado na Estabilidade Acelerada,False,True
DLL-2406-075,2024-06-05,Detergente Liquido Lava-Loucas,DLL,FOR-C,ANL-03,PH-02,7.84,1.032,0.644,0,0,1,0,1,0.0,Risco 1,7.6,1.032,0.2400000000000002,0.0,-0.019999999999999574,0.0,0.235,0.0,0.018,0.086,0.002,0.387,1.034,1.032,1.031,1.031,7.8,7.87,7.83,7.82,Aprovado,Aprovado,Aprovado,Conforme,Aprovado aos 90 dias,True,True
ALV-2406-076,2024-06-05,Alvejante Liquido sem Cloro,ALV,FOR-C,ANL-01,PH-01,4.27,1.05,0.938,0,1,1,0,0,0.0,Risco 1,4.2,1.045,0.0699999999999994,0.0050000000000001155,-0.05999999999999961,0.0009999999999998899,0.328,0.0,0.026,0.12,0.003,1.036,1.052,1.049,1.051,1.052,4.15,4.2,4.2,4.15,Aprovado,Aprovado,Aprovado,Conforme,Aprovado aos 90 dias,True,True
DES-2406-077,2024-06-05,Desinfetante Quaternario Concentrado,DES,FOR-A,ANL-02,PH-02,6.85,1.004,0.438,1,0,1,1,0,,Risco 2,7.0,1.005,-0.15000000000000036,-0.0009999999999998899,-0.13999999999999968,0.0020000000000000018,0.226,1.0,0.018,0.082,0.002,0.519,1.004,1.009,1.006,1.008,6.72,6.61,6.71,6.7,Aprovado,Aprovado,Aprovado,Conforme,Aprovado aos 90 dias,True,True
LMU-2406-078,2024-06-07,Limpador Multiuso Alcalino,LMU,FOR-C,ANL-02,PH-02,10.07,1.013,0.259,0,0,1,0,0,0.0,Risco 1,10.2,1.01,-0.129999999999999,0.0029999999999998916,-0.07000000000000028,0.001000000000000112,0.387,0.0,0.03,0.142,0.003,0.651,1.015,1.014,1.013,1.016,9.95,9.96,9.96,10.02,Aprovado,Aprovado,Aprovado,Conforme,Aprovado aos 90 dias,True,True
ALV-2406-079,2024-06-09,Alvejante Liquido sem Cloro,ALV,FOR-A,ANL-03,PH-02,4.1,1.049,0.588,1,0,1,0,1,0.0,Risco 1,4.2,1.045,-0.10000000000000053,0.0040000000000000036,-0.10999999999999943,0.0,0.317,0.0,0.025,0.116,0.002,0.999,1.047,1.05,1.052,1.047,4.03,3.92,4.05,3.97,Aprovado,Aprovado,Reprovado,Conforme,Reprovado na Estabilidade Acelerada,False,True
ALV-2406-080,2024-06-11,Alvejante Liquido sem Cloro,ALV,FOR-C,ANL-03,PH-02,4.07,1.046,1.102,1,1,1,3,3,2.0,Risco 1,4.2,1.045,-0.1299999999999999,0.001000000000000112,,,,,,,,,,,,,,,,,Reprovado,,,,Reprovado no Teste Inicial,False,False
LMU-2406-081,2024-06-14,Limpador Multiuso Alcalino,LMU,FOR-B,ANL-03,PH-01,10.02,1.011,0.777,1,0,1,2,3,4.0,Risco 1,10.2,1.01,-0.17999999999999972,0.0009999999999998899,,,,,,,,,,,,,,,,,Reprovado,,,,Reprovado no Teste Inicial,False,False
LMU-2406-082,2024-06-15,Limpador Multiuso Alcalino,LMU,FOR-A,ANL-02,PH-01,10.21,1.014,0.873,2,1,1,2,1,1.0,Risco 1,10.2,1.01,0.010000000000001563,0.0040000000000000036,-0.19000000000000128,0.0040000000000000036,0.379,3.0,,,,,,,,,,,,,Aprovado,Reprovado,,,Reprovado na Estabilidade Preliminar,False,False
DLR-2406-083,2024-06-17,Detergente Liquido para Roupas,DLR,FOR-C,ANL-02,PH-01,9.25,1.013,0.543,0,0,1,0,0,0.0,Risco 1,9.6,1.022,-0.34999999999999964,-0.009000000000000119,-0.0600000000000005,0.0020000000000000018,0.391,0.0,0.03,0.143,0.003,0.694,1.017,1.013,1.016,1.014,9.15,9.12,9.22,9.18,Aprovado,Aprovado,Aprovado,Conforme,Aprovado aos 90 dias,True,True
ALV-2406-084,2024-06-18,Alvejante Liquido sem Cloro,ALV,FOR-B,ANL-03,PH-02,42.3,1.043,1.628,1,2,1,1,2,2.0,Risco 1,4.2,1.045,38.099999999999994,-0.0020000000000000018,,,,,,,,,,,,,,,,,Reprovado,,,,Reprovado no Teste Inicial,False,False
DLL-2406-085,2024-06-20,Detergente Liquido Lava-Loucas,DLL,FOR-C,ANL-03,PH-02,7.75,1.037,0.391,1,0,1,1,1,1.0,Risco 1,7.6,1.032,0.15000000000000036,0.004999999999999893,-0.1299999999999999,-0.0009999999999998899,0.236,1.0,0.018,0.086,0.002,0.388,1.036,1.035,1.037,1.037,7.59,7.6,7.62,7.59,Aprovado,Aprovado,Reprovado,Nao conforme,Reprovado na Estabilidade Acelerada,False,True
LMU-2406-086,2024-06-21,Limpador Multiuso Alcalino,LMU,FOR-A,ANL-03,PH-01,10.3,1.015,0.803,0,1,1,1,1,1.0,Risco 1,10.2,1.01,0.10000000000000142,0.004999999999999893,-0.0600000000000005,0.001000000000000112,0.38,0.0,0.03,0.139,0.003,0.637,1.018,1.016,1.017,1.018,10.22,10.21,10.27,10.24,Aprovado,Aprovado,Aprovado,Conforme,Aprovado aos 90 dias,True,True
AMA-2406-087,2024-06-22,Amaciante de Roupas (esterquat),AMA,FOR-A,ANL-03,PH-01,3.45,0.991,0.745,0,0,1,0,0,0.0,Risco 1,3.2,0.996,0.25,-0.0050000000000000044,-0.050000000000000266,0.0,0.437,0.0,0.034,0.159,0.003,0.582,0.989,0.995,0.99,0.993,3.4,3.36,3.38,3.41,Aprovado,Aprovado,Aprovado,Conforme,Aprovado aos 90 dias,True,True
ALV-2406-088,2024-06-24,Alvejante Liquido sem Cloro,ALV,FOR-A,ANL-03,PH-02,4.22,1.045,0.712,1,0,1,2,2,1.0,Risco 1,4.2,1.045,0.019999999999999574,0.0,-0.08000000000000007,-0.0009999999999998899,0.317,1.0,0.025,0.116,0.002,0.998,1.044,1.045,1.042,1.044,4.09,4.09,4.13,4.16,Aprovado,Aprovado,Aprovado,Conforme,Aprovado aos 90 dias,True,True
ALV-2406-089,2024-06-29,Alvejante Liquido sem Cloro,ALV,FOR-A,ANL-03,PH-02,4.53,1.048,1.325,1,1,1,2,1,1.0,Risco 1,4.2,1.045,0.33000000000000007,0.0030000000000001137,-0.10000000000000053,0.0,0.336,2.0,0.026,0.123,0.003,1.06,1.048,1.048,1.048,1.048,4.41,4.36,4.44,4.38,Aprovado,Aprovado,Aprovado,Nao conforme,Aprovado aos 90 dias,True,True
ALV-2407-090,2024-07-01,Alvejante Liquido sem Cloro,ALV,FOR-B,ANL-03,PH-02,4.21,1.042,1.452,1,1,1,0,0,0.0,Risco 1,4.2,1.045,0.009999999999999787,-0.0029999999999998916,-0.08999999999999986,-0.001000000000000112,0.323,1.0,0.025,0.118,0.002,1.018,1.041,1.043,1.038,1.037,4.09,4.11,4.18,4.11,Aprovado,Aprovado,Aprovado,Conforme,Aprovado aos 90 dias,True,True
DES-2407-091,2024-07-04,Desinfetante Quaternario Concentrado,DES,FOR-B,ANL-03,PH-02,7.31,1.014,0.916,4,1,1,3,1,,Risco 2,7.0,1.005,0.3099999999999996,0.009000000000000119,,,,,,,,,,,,,,,,,Reprovado,,,,Reprovado no Teste Inicial,False,False
DLR-2407-092,2024-07-04,Detergente Liquido para Roupas,DLR,FOR-C,ANL-01,PH-01,9.71,1.029,0.842,1,1,1,0,1,1.0,Risco 1,9.6,1.022,0.11000000000000121,0.006999999999999895,-0.09000000000000163,0.0,0.391,1.0,0.03,0.143,0.003,0.694,1.03,1.03,1.031,1.028,9.62,9.61,9.65,9.61,Aprovado,Aprovado,Aprovado,Conforme,Aprovado aos 90 dias,True,True
DES-2407-093,2024-07-05,Desinfetante Quaternario Concentrado,DES,FOR-B,ANL-01,PH-01,6.7,1.005,0.85,1,1,1,1,1,,Risco 2,7.0,1.005,-0.2999999999999998,0.0,-0.009999999999999787,0.0,0.22,1.0,0.017,0.08,0.002,0.501,1.003,1.006,1.006,1.004,6.7,6.7,6.73,6.69,Aprovado,Aprovado,Aprovado,Conforme,Aprovado aos 90 dias,True,True
DES-2407-094,2024-07-06,Desinfetante Quaternario Concentrado,DES,FOR-B,ANL-02,PH-01,6.83,0.998,0.308,0,0,1,0,1,,Risco 2,7.0,1.005,-0.16999999999999993,-0.006999999999999895,-0.03000000000000025,0.0020000000000000018,0.219,0.0,0.017,0.08,0.002,0.496,1.0,1.002,1.0,1.0,6.81,6.85,6.84,6.78,Aprovado,Aprovado,Aprovado,Conforme,Aprovado aos 90 dias,True,True
DES-2407-095,2024-07-09,Desinfetante Quaternario Concentrado,DES,FOR-C,ANL-03,PH-01,7.12,1.0,0.758,1,0,1,1,3,,Risco 2,7.0,1.005,0.1200000000000001,-0.004999999999999893,,,,,,,,,,,,,,,,,Reprovado,,,,Reprovado no Teste Inicial,False,False
ALV-2407-096,2024-07-10,Alvejante Liquido sem Cloro,ALV,FOR-A,ANL-02,PH-02,4.46,1.046,1.231,3,1,1,3,2,3.0,Risco 1,4.2,1.045,0.2599999999999998,0.001000000000000112,,,,,,,,,,,,,,,,,Reprovado,,,,Reprovado no Teste Inicial,False,False
DES-2407-097,2024-07-13,Desinfetante Quaternario Concentrado,DES,FOR-A,ANL-01,PH-01,7.09,1.005,0.639,0,0,1,0,1,,Risco 2,7.0,1.005,0.08999999999999986,0.0,-0.040000000000000036,0.0040000000000000036,0.223,1.0,0.017,0.081,0.002,0.509,1.012,1.008,1.006,1.012,7.1,7.01,7.06,7.09,Aprovado,Aprovado,Aprovado,Conforme,Aprovado aos 90 dias,True,True
DLL-2407-098,2024-07-13,Detergente Liquido Lava-Loucas,DLL,FOR-A,ANL-02,PH-02,7.73,1.03,0.628,2,0,1,1,1,1.0,Risco 1,7.6,1.032,0.13000000000000078,-0.0020000000000000018,-0.0600000000000005,0.0020000000000000018,0.238,2.0,,,,,,,,,,,,,Aprovado,Reprovado,,,Reprovado na Estabilidade Preliminar,False,False
ALV-2407-099,2024-07-17,Alvejante Liquido sem Cloro,ALV,FOR-C,ANL-03,PH-02,4.06,1.042,0.53,0,0,1,0,0,0.0,Risco 1,4.2,1.045,-0.14000000000000057,-0.0029999999999998916,-0.040000000000000036,0.0009999999999998899,0.322,0.0,0.025,0.118,0.002,1.014,1.043,1.04,1.042,1.044,4.02,3.98,3.97,4.03,Aprovado,Aprovado,Aprovado,Conforme,Aprovado aos 90 dias,True,True
DES-2407-100,2024-07-21,Desinfetante Quaternario Concentrado,DES,FOR-C,ANL-02,PH-01,7.19,0.999,1.131,0,1,1,0,1,,Risco 2,7.0,1.005,0.1900000000000004,-0.005999999999999894,-0.03000000000000025,0.0030000000000000027,0.22,0.0,0.017,0.08,0.002,0.504,1.001,1.003,1.004,1.004,7.09,7.15,7.13,7.15,Aprovado,Aprovado,Aprovado,Conforme,Aprovado aos 90 dias,True,True
DLR-2407-101,2024-07-22,Detergente Liquido para Roupas,DLR,FOR-B,ANL-03,PH-01,9.89,1.029,0.549,2,0,1,2,1,1.0,Risco 1,9.6,1.022,0.2900000000000009,0.006999999999999895,-0.11000000000000121,0.001000000000000112,0.389,3.0,,,,,,,,,,,,,Aprovado,Reprovado,,,Reprovado na Estabilidade Preliminar,False,False
DLR-2407-102,2024-07-23,Detergente Liquido para Roupas,DLR,FOR-C,ANL-01,PH-01,9.94,1.021,1.198,2,1,1,2,2,1.0,Risco 1,9.6,1.022,0.33999999999999986,-0.001000000000000112,-0.10999999999999943,0.001000000000000112,0.393,2.0,0.031,0.144,0.003,0.698,1.022,1.022,1.021,1.022,9.86,9.78,9.83,9.8,Aprovado,Aprovado,Reprovado,Nao conforme,Reprovado na Estabilidade Acelerada,False,True
AMA-2407-103,2024-07-23,Amaciante de Roupas (esterquat),AMA,FOR-A,ANL-03,PH-01,3.15,0.993,1.236,0,1,1,1,0,1.0,Risco 1,3.2,0.996,-0.050000000000000266,-0.0030000000000000027,-0.10999999999999988,0.0010000000000000009,0.458,1.0,0.036,0.167,0.003,0.612,0.995,0.995,0.998,0.993,3.07,2.99,3.01,3.04,Aprovado,Aprovado,Aprovado,Conforme,Aprovado aos 90 dias,True,True
DES-2407-104,2024-07-26,Desinfetante Quaternario Concentrado,DES,FOR-B,ANL-01,PH-02,6.98,0.999,1.085,1,1,1,1,1,,Risco 2,7.0,1.005,-0.019999999999999574,-0.005999999999999894,-0.07000000000000028,0.0,0.22,0.0,0.017,0.08,0.002,0.497,0.998,0.997,0.998,1.002,6.96,6.88,6.93,6.93,Aprovado,Aprovado,Aprovado,Conforme,Aprovado aos 90 dias,True,True
AMA-2407-105,2024-07-26,Amaciante de Roupas (esterquat),AMA,FOR-A,ANL-03,PH-01,2.78,0.991,0.588,0,0,1,0,0,0.0,Risco 1,3.2,0.996,-0.4200000000000004,-0.0050000000000000044,-0.08999999999999986,0.0010000000000000009,0.444,0.0,0.034,0.162,0.003,0.591,0.994,0.992,0.991,0.992,2.7,2.65,2.73,2.65,Aprovado,Aprovado,Reprovado,Conforme,Reprovado na Estabilidade Acelerada,False,True
AMA-2407-106,2024-07-31,Amaciante de Roupas (esterquat),AMA,FOR-A,ANL-02,PH-02,3.07,0.996,0.832,0,1,1,1,0,1.0,Risco 1,3.2,0.996,-0.13000000000000034,0.0,-0.10999999999999988,0.0010000000000000009,0.441,0.0,0.034,0.16,0.003,0.586,0.997,0.997,1.001,0.998,2.95,2.89,2.96,2.97,Aprovado,Aprovado,Reprovado,Conforme,Reprovado na Estabilidade Acelerada,False,True
DLR-2408-107,2024-08-04,Detergente Liquido para Roupas,DLR,FOR-A,ANL-03,PH-01,9.6,1.019,0.882,0,1,1,0,1,1.0,Risco 1,9.6,1.022,0.0,-0.0030000000000001137,0.009999999999999787,-0.0009999999999998899,0.397,0.0,0.031,0.145,0.003,0.706,1.017,1.018,1.021,1.018,9.61,9.6,9.61,9.6,Aprovado,Aprovado,Aprovado,Conforme,Aprovado aos 90 dias,True,True
ALV-2408-108,2024-08-12,Alvejante Liquido sem Cloro,ALV,FOR-A,ANL-03,PH-01,4.06,1.051,1.564,0,1,1,1,1,1.0,Risco 1,4.2,1.045,-0.14000000000000057,0.006000000000000005,-0.09999999999999964,0.0,0.332,1.0,0.026,0.122,0.003,1.049,1.05,1.052,1.051,1.051,3.94,3.9,3.96,3.91,Aprovado,Aprovado,Reprovado,Conforme,Reprovado na Estabilidade Acelerada,False,True
AMA-2408-109,2024-08-14,Amaciante de Roupas (esterquat),AMA,FOR-A,ANL-03,PH-02,3.45,1.002,0.713,3,0,1,3,4,2.0,Risco 1,3.2,0.996,0.25,0.006000000000000005,,,,,,,,,,,,,,,,,Reprovado,,,,Reprovado no Teste Inicial,False,False
DLL-2408-110,2024-08-15,Detergente Liquido Lava-Loucas,DLL,FOR-C,ANL-02,PH-02,7.59,1.03,0.792,0,0,1,0,1,0.0,Risco 1,7.6,1.032,-0.009999999999999787,-0.0020000000000000018,-0.07000000000000028,0.0009999999999998899,0.242,0.0,0.019,0.089,0.002,0.4,1.033,1.03,1.032,1.029,7.5,7.52,7.53,7.55,Aprovado,Aprovado,Aprovado,Conforme,Aprovado aos 90 dias,True,True
AMA-2408-111,2024-08-15,Amaciante de Roupas (esterquat),AMA,FOR-B,ANL-03,PH-01,3.19,0.996,0.808,2,1,1,3,3,2.0,Risco 1,3.2,0.996,-0.010000000000000231,0.0,,,,,,,,,,,,,,,,,Reprovado,,,,Reprovado no Teste Inicial,False,False
LMU-2408-112,2024-08-16,Limpador Multiuso Alcalino,LMU,FOR-C,ANL-02,PH-02,10.34,1.003,0.101,1,0,1,0,0,1.0,Risco 1,10.2,1.01,0.14000000000000057,-0.007000000000000117,-0.07000000000000028,0.0,0.385,0.0,0.03,0.141,0.003,0.646,1.004,1.002,1.006,1.003,10.26,10.25,10.27,10.29,Aprovado,Aprovado,Aprovado,Conforme,Aprovado aos 90 dias,True,True
ALV-2408-113,2024-08-19,Alvejante Liquido sem Cloro,ALV,FOR-A,ANL-03,PH-02,4.1,1.045,1.167,0,1,1,0,0,0.0,Risco 1,4.2,1.045,-0.10000000000000053,0.0,-0.08999999999999986,0.0,0.337,0.0,0.026,0.124,0.003,1.065,1.045,1.046,1.045,1.045,3.98,3.99,4.05,3.94,Aprovado,Aprovado,Reprovado,Conforme,Reprovado na Estabilidade Acelerada,False,True
DES-2408-114,2024-08-20,Desinfetante Quaternario Concentrado,DES,FOR-B,ANL-01,PH-01,7.15,1.009,0.602,1,0,1,2,1,,Risco 2,7.0,1.005,0.15000000000000036,0.0040000000000000036,-0.10000000000000053,0.0,0.225,3.0,,,,,,,,,,,,,Aprovado,Reprovado,,,Reprovado na Estabilidade Preliminar,False,False
DLR-2408-115,2024-08-20,Detergente Liquido para Roupas,DLR,FOR-A,ANL-03,PH-01,9.64,1.02,0.296,0,0,1,0,1,1.0,Risco 1,9.6,1.022,0.040000000000000924,-0.0020000000000000018,-0.02000000000000135,0.0029999999999998916,0.393,0.0,0.031,0.144,0.003,0.698,1.022,1.023,1.022,1.021,9.65,9.61,9.63,9.66,Aprovado,Aprovado,Aprovado,Conforme,Aprovado aos 90 dias,True,True
LMU-2408-116,2024-08-28,Limpador Multiuso Alcalino,LMU,FOR-C,ANL-03,PH-02,10.01,1.012,0.497,1,0,1,1,0,1.0,Risco 1,10.2,1.01,-0.1899999999999995,0.0020000000000000018,-0.10999999999999943,0.0009999999999998899,0.383,0.0,0.03,0.14,0.003,0.643,1.014,1.014,1.011,1.015,9.87,9.89,9.92,9.91,Aprovado,Aprovado,Reprovado,Conforme,Reprovado na Estabilidade Acelerada,False,True
DES-2408-117,2024-08-28,Desinfetante Quaternario Concentrado,DES,FOR-A,ANL-01,PH-02,7.08,1.006,0.548,2,0,1,2,1,,Risco 2,7.0,1.005,0.08000000000000007,0.001000000000000112,-0.08999999999999986,-0.001000000000000112,0.218,2.0,0.017,0.079,0.002,0.492,1.005,1.004,1.004,1.004,6.98,6.97,6.95,6.98,Aprovado,Aprovado,Reprovado,Conforme,Reprovado na Estabilidade Acelerada,False,True
DLL-2408-118,2024-08-29,Detergente Liquido Lava-Loucas,DLL,FOR-C,ANL-01,PH-02,7.75,10.25,0.356,1,0,1,1,1,1.0,Risco 1,7.6,1.032,0.15000000000000036,9.218,,,,,,,,,,,,,,,,,Reprovado,,,,Reprovado no Teste Inicial,False,False
DLR-2408-119,2024-08-30,Detergente Liquido para Roupas,DLR,FOR-B,ANL-02,PH-01,9.82,1.018,1.552,2,1,1,3,2,1.0,Risco 1,9.6,1.022,0.22000000000000064,-0.0040000000000000036,,,,,,,,,,,,,,,,,Reprovado,,,,Reprovado no Teste Inicial,False,False
DES-2408-120,2024-08-30,Desinfetante Quaternario Concentrado,DES,FOR-C,ANL-03,PH-02,6.84,1.004,0.956,0,1,1,0,1,,Risco 2,7.0,1.005,-0.16000000000000014,-0.0009999999999998899,-0.040000000000000036,0.0009999999999998899,0.224,1.0,0.017,0.082,0.002,0.509,1.006,1.005,1.005,1.004,6.79,6.76,6.8,6.78,Aprovado,Aprovado,Aprovado,Conforme,Aprovado aos 90 dias,True,True
ALV-2408-121,2024-08-31,Alvejante Liquido sem Cloro,ALV,FOR-A,ANL-02,PH-02,4.11,10.45,0.955,2,1,1,2,2,2.0,Risco 1,4.2,1.045,-0.08999999999999986,9.405,,,,,,,,,,,,,,,,,Reprovado,,,,Reprovado no Teste Inicial,False,False
DES-2408-122,2024-08-31,Desinfetante Quaternario Concentrado,DES,FOR-A,ANL-01,PH-02,6.98,1.002,0.802,1,1,1,2,1,,Risco 2,7.0,1.005,-0.019999999999999574,-0.0029999999999998916,-0.10000000000000053,0.0,0.228,3.0,,,,,,,,,,,,,Aprovado,Reprovado,,,Reprovado na Estabilidade Preliminar,False,False
LMU-2409-123,2024-09-01,Limpador Multiuso Alcalino,LMU,FOR-C,ANL-01,PH-02,10.95,1.007,0.292,0,0,1,0,1,1.0,Risco 1,10.2,1.01,0.75,-0.0030000000000001137,-0.08999999999999986,0.001000000000000112,0.387,0.0,0.03,0.142,0.003,0.65,1.006,1.007,1.008,1.011,10.84,10.89,10.88,10.8,Aprovado,Aprovado,Aprovado,Conforme,Aprovado aos 90 dias,True,True
AMA-2409-124,2024-09-01,Amaciante de Roupas (esterquat),AMA,FOR-C,ANL-01,PH-02,3.7,0.991,1.132,2,1,1,2,1,1.0,Risco 1,3.2,0.996,0.5,-0.0050000000000000044,-0.08000000000000007,0.0,0.438,2.0,0.034,0.16,0.003,0.583,0.99,0.991,0.991,0.992,3.6,3.62,3.63,3.6,Aprovado,Aprovado,Aprovado,Conforme,Aprovado aos 90 dias,True,True
DLL-2409-125,2024-09-02,Detergente Liquido Lava-Loucas,DLL,FOR-B,ANL-03,PH-01,7.63,1.032,0.658,1,0,1,1,1,1.0,Risco 1,7.6,1.032,0.03000000000000025,0.0,-0.09999999999999964,0.0,0.237,2.0,0.018,0.087,0.002,0.388,1.033,1.031,1.032,1.032,7.58,7.54,7.52,7.59,Aprovado,Aprovado,Reprovado,Conforme,Reprovado na Estabilidade Acelerada,False,True
AMA-2409-126,2024-09-03,Amaciante de Roupas (esterquat),AMA,FOR-C,ANL-01,PH-01,3.41,0.995,0.235,2,0,1,2,2,2.0,Risco 1,3.2,0.996,0.20999999999999996,-0.0010000000000000009,-0.11000000000000032,0.0010000000000000009,0.445,2.0,0.034,0.162,0.003,0.591,0.996,0.994,0.994,0.994,3.27,3.27,3.3,3.22,Aprovado,Aprovado,Reprovado,Nao conforme,Reprovado na Estabilidade Acelerada,False,True
LMU-2409-127,2024-09-04,Limpador Multiuso Alcalino,LMU,FOR-B,ANL-03,PH-01,10.63,1.004,0.622,0,0,1,0,0,1.0,Risco 1,10.2,1.01,0.4300000000000015,-0.006000000000000005,-0.030000000000001137,0.0009999999999998899,0.388,0.0,0.03,0.142,0.003,0.653,1.005,1.003,1.007,1.005,10.56,10.59,10.57,10.59,Aprovado,Aprovado,Reprovado,Conforme,Reprovado na Estabilidade Acelerada,False,True
DLR-2409-128,2024-09-04,Detergente Liquido para Roupas,DLR,FOR-B,ANL-01,PH-01,9.36,1.018,1.088,0,1,1,0,1,0.0,Risco 1,9.6,1.022,-0.2400000000000002,-0.0040000000000000036,-0.03999999999999915,0.0009999999999998899,0.388,0.0,0.03,0.142,0.003,0.688,1.017,1.019,1.018,1.023,9.33,9.35,9.35,9.29,Aprovado,Aprovado,Aprovado,Conforme,Aprovado aos 90 dias,True,True
LMU-2409-129,2024-09-05,Limpador Multiuso Alcalino,LMU,FOR-B,ANL-02,PH-02,10.51,1.018,1.033,3,1,1,4,1,1.0,Risco 1,10.2,1.01,0.3100000000000005,0.008000000000000007,,,,,,,,,,,,,,,,,Reprovado,,,,Reprovado no Teste Inicial,False,False
DES-2409-130,2024-09-05,Desinfetante Quaternario Concentrado,DES,FOR-C,ANL-01,PH-01,6.95,1.005,0.327,1,0,1,1,1,,Risco 2,7.0,1.005,-0.04999999999999982,0.0,-0.07000000000000028,0.0020000000000000018,0.223,1.0,0.017,0.081,0.002,0.507,1.009,1.008,1.007,1.004,6.93,6.83,6.95,6.88,Aprovado,Aprovado,Aprovado,Conforme,Aprovado aos 90 dias,True,True
DLR-2409-131,2024-09-06,Detergente Liquido para Roupas,DLR,FOR-C,ANL-01,PH-02,9.95,1.026,1.269,1,1,1,1,1,1.0,Risco 1,9.6,1.022,0.34999999999999964,0.0040000000000000036,-0.049999999999998934,0.0029999999999998916,0.397,1.0,0.031,0.145,0.003,0.705,1.03,1.032,1.031,1.028,9.91,9.83,9.9,9.88,Aprovado,Aprovado,Aprovado,Conforme,Aprovado aos 90 dias,True,True
LMU-2409-132,2024-09-07,Limpador Multiuso Alcalino,LMU,FOR-B,ANL-03,PH-01,10.53,1.02,0.854,3,1,1,4,1,1.0,Risco 1,10.2,1.01,0.33000000000000007,0.010000000000000009,,,,,,,,,,,,,,,,,Reprovado,,,,Reprovado no Teste Inicial,False,False
DLL-2409-133,2024-09-07,Detergente Liquido Lava-Loucas,DLL,FOR-A,ANL-03,PH-01,7.69,1.032,0.372,0,0,1,0,1,1.0,Risco 1,7.6,1.032,0.09000000000000075,0.0,-0.07000000000000028,0.0009999999999998899,0.235,0.0,0.018,0.086,0.002,0.386,1.032,1.033,1.031,1.034,7.63,7.59,7.67,7.65,Aprovado,Aprovado,Aprovado,Conforme,Aprovado aos 90 dias,True,True
DLL-2409-134,2024-09-10,Detergente Liquido Lava-Loucas,DLL,FOR-A,ANL-01,PH-02,7.72,1.03,0.382,1,0,1,1,1,1.0,Risco 1,7.6,1.032,0.1200000000000001,-0.0020000000000000018,-0.0699999999999994,0.0029999999999998916,0.237,1.0,0.019,0.087,0.002,0.391,1.029,1.031,1.033,1.03,7.63,7.61,7.65,7.6,Aprovado,Aprovado,Aprovado,Conforme,Aprovado aos 90 dias,True,True
DLL-2409-135,2024-09-11,Detergente Liquido Lava-Loucas,DLL,FOR-A,ANL-03,PH-01,7.81,1.029,0.903,2,1,1,2,1,1.0,Risco 1,7.6,1.032,0.20999999999999996,-0.0030000000000001137,-0.02999999999999936,0.001000000000000112,0.235,3.0,,,,,,,,,,,,,Aprovado,Reprovado,,,Reprovado na Estabilidade Preliminar,False,False
AMA-2409-136,2024-09-11,Amaciante de Roupas (esterquat),AMA,FOR-B,ANL-02,PH-01,3.03,0.994,1.467,2,1,1,1,2,2.0,Risco 1,3.2,0.996,-0.17000000000000037,-0.0020000000000000018,-0.13999999999999968,-0.0020000000000000018,0.458,2.0,0.036,0.167,0.003,0.609,0.99,0.994,0.992,0.992,2.87,2.86,2.82,2.84,Aprovado,Aprovado,Reprovado,Conforme,Reprovado na Estabilidade Acelerada,False,True
DLR-2409-137,2024-09-13,Detergente Liquido para Roupas,DLR,FOR-B,ANL-02,PH-01,9.36,1.023,0.868,1,1,1,1,0,1.0,Risco 1,9.6,1.022,-0.2400000000000002,0.0009999999999998899,-0.129999999999999,-0.0009999999999998899,0.39,1.0,0.03,0.143,0.003,0.692,1.022,1.023,1.021,1.022,9.23,9.18,9.22,9.23,Aprovado,Aprovado,Aprovado,Conforme,Aprovado aos 90 dias,True,True
DLL-2409-138,2024-09-13,Detergente Liquido Lava-Loucas,DLL,FOR-B,ANL-01,PH-02,7.79,1.031,0.623,2,0,1,1,1,1.0,Risco 1,7.6,1.032,0.1900000000000004,-0.001000000000000112,-0.009999999999999787,0.001000000000000112,0.236,2.0,0.018,0.087,0.002,0.389,1.029,1.031,1.031,1.032,7.79,7.77,7.84,7.75,Aprovado,Aprovado,Reprovado,Conforme,Reprovado na Estabilidade Acelerada,False,True
DLR-2409-139,2024-09-14,Detergente Liquido para Roupas,DLR,FOR-C,ANL-01,PH-02,10.05,1.008,1.373,1,1,1,0,0,0.0,Risco 1,9.6,1.022,0.45000000000000107,-0.014000000000000012,,,,,,,,,,,,,,,,,Reprovado,,,,Reprovado no Teste Inicial,False,False
DES-2409-140,2024-09-16,Desinfetante Quaternario Concentrado,DES,FOR-B,ANL-01,PH-01,6.8,1.004,0.637,1,0,1,1,1,,Risco 2,7.0,1.005,-0.20000000000000018,-0.0009999999999998899,-0.05999999999999961,0.004999999999999893,0.224,1.0,,,,,,,,,,,,,Aprovado,Reprovado,,,Reprovado na Estabilidade Preliminar,False,False
ALV-2409-141,2024-09-16,Alvejante Liquido sem Cloro,ALV,FOR-C,ANL-03,PH-01,3.99,1.042,0.936,0,1,1,0,1,0.0,Risco 1,4.2,1.045,-0.20999999999999996,-0.0029999999999998916,-0.10000000000000009,0.0020000000000000018,0.324,1.0,0.025,0.119,0.002,1.02,1.044,1.046,1.047,1.044,3.87,3.81,3.88,3.84,Aprovado,Aprovado,Reprovado,Conforme,Reprovado na Estabilidade Acelerada,False,True
DLR-2409-142,2024-09-17,Detergente Liquido para Roupas,DLR,FOR-A,ANL-02,PH-02,9.84,1.02,1.087,0,1,1,0,0,1.0,Risco 1,9.6,1.022,0.2400000000000002,-0.0020000000000000018,-0.0600000000000005,0.0009999999999998899,0.394,0.0,0.031,0.144,0.003,0.7,1.023,1.019,1.02,1.021,9.84,9.82,9.76,9.78,Aprovado,Aprovado,Aprovado,Conforme,Aprovado aos 90 dias,True,True
AMA-2409-143,2024-09-18,Amaciante de Roupas (esterquat),AMA,FOR-B,ANL-03,PH-02,3.55,0.994,0.348,1,0,0,2,2,1.0,Risco 1,3.2,0.996,0.34999999999999964,-0.0020000000000000018,,,,,,,,,,,,,,,,,Reprovado,,,,Reprovado no Teste Inicial,False,False
DLR-2409-144,2024-09-18,Detergente Liquido para Roupas,DLR,FOR-B,ANL-02,PH-02,9.48,1.023,0.726,1,0,1,1,1,1.0,Risco 1,9.6,1.022,-0.11999999999999922,0.0009999999999998899,-0.11000000000000121,-0.0009999999999998899,0.39,0.0,0.03,0.143,0.003,0.692,1.016,1.026,1.024,1.021,9.4,9.32,9.39,9.39,Aprovado,Aprovado,Aprovado,Conforme,Aprovado aos 90 dias,True,True
AMA-2409-145,2024-09-19,Amaciante de Roupas (esterquat),AMA,FOR-B,ANL-03,PH-02,3.36,1.0,0.851,2,1,1,2,2,2.0,Risco 1,3.2,0.996,0.1599999999999997,0.0040000000000000036,-0.10999999999999988,0.0,0.454,3.0,,,,,,,,,,,,,Aprovado,Reprovado,,,Reprovado na Estabilidade Preliminar,False,False
AMA-2409-146,2024-09-20,Amaciante de Roupas (esterquat),AMA,FOR-A,ANL-01,PH-01,3.33,0.998,0.908,1,1,1,2,2,1.0,Risco 1,3.2,0.996,0.1299999999999999,0.0020000000000000018,-0.07000000000000028,0.0020000000000000018,0.446,2.0,0.035,0.162,0.003,0.593,1.0,1.001,0.999,0.998,3.31,3.22,3.26,3.28,Aprovado,Aprovado,Reprovado,Nao conforme,Reprovado na Estabilidade Acelerada,False,True
DLL-2409-147,2024-09-24,Detergente Liquido Lava-Loucas,DLL,FOR-A,ANL-01,PH-01,7.58,1.029,0.305,0,0,1,1,1,0.0,Risco 1,7.6,1.032,-0.019999999999999574,-0.0030000000000001137,-0.03000000000000025,-0.0009999999999998899,0.237,1.0,0.019,0.087,0.002,0.391,1.027,1.031,1.028,1.025,7.52,7.52,7.57,7.55,Aprovado,Aprovado,Aprovado,Conforme,Aprovado aos 90 dias,True,True
LMU-2409-148,2024-09-26,Limpador Multiuso Alcalino,LMU,FOR-C,ANL-02,PH-01,10.08,1.015,0.367,1,0,1,1,1,1.0,Risco 1,10.2,1.01,-0.11999999999999922,0.004999999999999893,-0.09999999999999964,0.001000000000000112,0.388,0.0,0.03,0.142,0.003,0.652,1.017,1.018,1.013,1.016,9.99,9.95,10.0,9.98,Aprovado,Aprovado,Aprovado,Conforme,Aprovado aos 90 dias,True,True
DES-2409-149,2024-09-28,Desinfetante Quaternario Concentrado,DES,FOR-B,ANL-02,PH-01,7.38,1.002,0.874,1,1,1,1,0,,Risco 2,7.0,1.005,0.3799999999999999,-0.0029999999999998916,0.04999999999999982,0.0020000000000000018,0.225,1.0,0.017,0.082,0.002,0.513,1.004,1.002,1.005,1.004,7.4,7.42,7.43,7.43,Aprovado,Aprovado,Aprovado,Conforme,Aprovado aos 90 dias,True,True
DES-2409-150,2024-09-30,Desinfetante Quaternario Concentrado,DES,FOR-A,ANL-01,PH-02,7.25,1.002,1.004,0,1,1,0,1,,Risco 2,7.0,1.005,0.25,-0.0029999999999998916,0.0,-0.001000000000000112,0.221,0.0,0.017,0.081,0.002,0.5,1.004,1.001,1.002,1.001,7.24,7.22,7.27,7.2,Aprovado,Aprovado,Aprovado,Conforme,Aprovado aos 90 dias,True,True
AMA-2409-151,2024-09-30,Amaciante de Roupas (esterquat),AMA,FOR-B,ANL-03,PH-01,3.44,0.997,0.334,1,0,1,1,1,1.0,Risco 1,3.2,0.996,0.23999999999999977,0.0010000000000000009,-0.10000000000000009,0.0020000000000000018,0.444,2.0,0.034,0.162,0.003,0.591,1.0,0.997,1.0,0.998,3.3,3.3,3.42,3.33,Aprovado,Aprovado,Reprovado,Nao conforme,Reprovado na Estabilidade Acelerada,False,True
LMU-2410-152,2024-10-01,Limpador Multiuso Alcalino,LMU,FOR-B,ANL-01,PH-02,10.51,1.017,0.675,4,0,1,4,1,1.0,Risco 1,10.2,1.01,0.3100000000000005,0.006999999999999895,,,,,,,,,,,,,,,,,Reprovado,,,,Reprovado no Teste Inicial,False,False
DLL-2410-153,2024-10-01,Detergente Liquido Lava-Loucas,DLL,FOR-C,ANL-01,PH-02,7.93,1.035,0.396,0,0,1,0,1,1.0,Risco 1,7.6,1.032,0.33000000000000007,0.0029999999999998916,-0.019999999999999574,0.0030000000000001137,0.236,0.0,0.018,0.087,0.002,0.388,1.041,1.038,1.04,1.041,7.9,7.83,7.88,7.92,Aprovado,Aprovado,Aprovado,Conforme,Aprovado aos 90 dias,True,True
DLL-2410-154,2024-10-02,Detergente Liquido Lava-Loucas,DLL,FOR-A,ANL-03,PH-01,7.51,1.039,0.533,1,0,1,1,1,1.0,Risco 1,7.6,1.032,-0.08999999999999986,0.006999999999999895,-0.0699999999999994,0.0040000000000000036,0.238,1.0,0.019,0.087,0.002,0.392,1.041,1.042,1.043,1.043,7.45,7.42,7.42,7.41,Aprovado,Aprovado,Reprovado,Nao conforme,Reprovado na Estabilidade Acelerada,False,True
DLL-2410-155,2024-10-02,Detergente Liquido Lava-Loucas,DLL,FOR-C,ANL-02,PH-01,7.63,1.035,0.328,1,0,1,1,1,1.0,Risco 1,7.6,1.032,0.03000000000000025,0.0029999999999998916,-0.08000000000000007,0.0,0.239,1.0,0.019,0.088,0.002,0.395,1.037,1.038,1.034,1.037,7.56,7.46,7.53,7.61,Aprovado,Aprovado,Aprovado,Conforme,Aprovado aos 90 dias,True,True
LMU-2410-156,2024-10-04,Limpador Multiuso Alcalino,LMU,FOR-C,ANL-01,PH-02,11.05,1.008,0.337,1,0,1,1,1,1.0,Risco 1,10.2,1.01,0.8500000000000014,-0.0020000000000000018,,,,,,,,,,,,,,,,,Reprovado,,,,Reprovado no Teste Inicial,False,False
ALV-2410-157,2024-10-04,Alvejante Liquido sem Cloro,ALV,FOR-A,ANL-01,PH-02,4.4,1.041,0.817,1,1,1,0,1,0.0,Risco 1,4.2,1.045,0.20000000000000018,-0.0040000000000000036,-0.09000000000000075,0.0030000000000001137,0.326,1.0,0.026,0.12,0.003,1.025,1.047,1.046,1.044,1.045,4.31,4.23,4.27,4.27,Aprovado,Aprovado,Aprovado,Conforme,Aprovado aos 90 dias,True,True
DLR-2410-158,2024-10-06,Detergente Liquido para Roupas,DLR,FOR-A,ANL-02,PH-02,9.74,1.024,0.63,1,0,1,1,1,1.0,Risco 1,9.6,1.022,0.14000000000000057,0.0020000000000000018,-0.02999999999999936,0.0029999999999998916,0.394,0.0,,,,,,,,,,,,,Aprovado,Reprovado,,,Reprovado na Estabilidade Preliminar,False,False
DES-2410-159,2024-10-07,Desinfetante Quaternario Concentrado,DES,FOR-C,ANL-01,PH-02,7.21,1.002,0.451,1,0,1,1,1,,Risco 2,7.0,1.005,0.20999999999999996,-0.0029999999999998916,-0.08999999999999986,-0.001000000000000112,0.224,2.0,0.017,0.082,0.002,0.511,1.002,1.001,1.0,1.002,7.13,7.07,7.09,7.1,Aprovado,Aprovado,Aprovado,Conforme,Aprovado aos 90 dias,True,True
DLL-2410-160,2024-10-11,Detergente Liquido Lava-Loucas,DLL,FOR-B,ANL-02,PH-01,7.25,1.028,0.728,1,0,1,2,1,1.0,Risco 1,7.6,1.032,-0.34999999999999964,-0.0040000000000000036,-0.1200000000000001,0.0009999999999998899,0.239,1.0,0.019,0.087,0.002,0.392,1.029,1.033,1.028,1.028,7.11,7.11,7.11,7.1,Aprovado,Aprovado,Reprovado,Conforme,Reprovado na Estabilidade Acelerada,False,True
DES-2410-161,2024-10-15,Desinfetante Quaternario Concentrado,DES,FOR-A,ANL-01,PH-02,6.97,1.004,0.226,1,0,1,1,1,,Risco 2,7.0,1.005,-0.03000000000000025,-0.0009999999999998899,0.010000000000000675,-0.001000000000000112,0.22,1.0,0.017,0.08,0.002,0.499,1.003,1.004,1.005,1.003,7.02,6.97,6.94,6.97,Aprovado,Aprovado,Aprovado,Conforme,Aprovado aos 90 dias,True,True
DLR-2410-162,2024-10-18,Detergente Liquido para Roupas,DLR,FOR-B,ANL-01,PH-02,10.12,1.027,0.633,2,0,1,2,1,1.0,Risco 1,9.6,1.022,0.5199999999999996,0.004999999999999893,-0.049999999999998934,-0.0009999999999998899,0.389,2.0,0.03,0.142,0.003,0.69,1.023,1.03,1.026,1.025,10.08,10.04,10.1,10.08,Aprovado,Aprovado,Reprovado,Conforme,Reprovado na Estabilidade Acelerada,False,True
DLL-2410-163,2024-10-26,Detergente Liquido Lava-Loucas,DLL,FOR-C,ANL-02,PH-01,7.7,1.031,0.442,2,0,1,2,1,2.0,Risco 1,7.6,1.032,0.10000000000000053,-0.001000000000000112,-0.08000000000000007,-0.0020000000000000018,0.24,3.0,,,,,,,,,,,,,Aprovado,Reprovado,,,Reprovado na Estabilidade Preliminar,False,False
DLL-2410-164,2024-10-28,Detergente Liquido Lava-Loucas,DLL,FOR-A,ANL-01,PH-01,7.99,1.03,0.335,1,0,1,2,1,1.0,Risco 1,7.6,1.032,0.39000000000000057,-0.0020000000000000018,-0.10000000000000053,0.0009999999999998899,0.238,3.0,,,,,,,,,,,,,Aprovado,Reprovado,,,Reprovado na Estabilidade Preliminar,False,False
DES-2410-165,2024-10-28,Desinfetante Quaternario Concentrado,DES,FOR-A,ANL-01,PH-01,6.72,1.003,0.439,1,0,1,2,0,,Risco 2,7.0,1.005,-0.28000000000000025,-0.0020000000000000018,-0.05999999999999961,0.0,0.219,2.0,0.017,0.08,0.002,0.497,1.002,1.003,1.002,1.001,6.62,6.61,6.71,6.66,Aprovado,Aprovado,Reprovado,Conforme,Reprovado na Estabilidade Acelerada,False,True
AMA-2410-166,2024-10-29,Amaciante de Roupas (esterquat),AMA,FOR-B,ANL-03,PH-01,3.44,0.999,1.112,1,1,1,1,1,1.0,Risco 1,3.2,0.996,0.23999999999999977,0.0030000000000000027,-0.040000000000000036,0.0,0.447,1.0,0.035,0.163,0.003,0.594,0.999,1.0,0.998,0.998,3.36,3.36,3.39,3.37,Aprovado,Aprovado,Aprovado,Conforme,Aprovado aos 90 dias,True,True
DES-2410-167,2024-10-29,Desinfetante Quaternario Concentrado,DES,FOR-C,ANL-03,PH-02,7.1,1.007,0.851,0,1,1,1,1,,Risco 2,7.0,1.005,0.09999999999999964,0.0020000000000000018,-0.05999999999999961,0.001000000000000112,0.215,0.0,0.017,0.078,0.002,0.483,1.009,1.009,1.009,1.009,7.06,7.01,7.02,6.98,Aprovado,Aprovado,Aprovado,Conforme,Aprovado aos 90 dias,True,True
DLL-2411-168,2024-11-01,Detergente Liquido Lava-Loucas,DLL,FOR-B,ANL-03,PH-01,7.62,1.033,0.697,1,0,1,0,1,1.0,Risco 1,7.6,1.032,0.020000000000000462,0.0009999999999998899,-0.07000000000000028,0.0,0.233,1.0,0.018,0.085,0.002,0.382,1.035,1.031,1.036,1.035,7.59,7.53,7.56,7.57,Aprovado,Aprovado,Aprovado,Conforme,Aprovado aos 90 dias,True,True
DLL-2411-169,2024-11-02,Detergente Liquido Lava-Loucas,DLL,FOR-C,ANL-03,PH-01,8.05,1.027,0.433,0,0,1,0,1,1.0,Risco 1,7.6,1.032,0.45000000000000107,-0.0050000000000001155,-0.05000000000000071,0.0030000000000001137,0.24,0.0,0.019,0.088,0.002,0.396,1.032,1.028,1.03,1.028,8.01,7.94,7.96,8.02,Aprovado,Aprovado,Aprovado,Conforme,Aprovado aos 90 dias,True,True
DLL-2411-170,2024-11-03,Detergente Liquido Lava-Loucas,DLL,FOR-B,ANL-02,PH-02,7.96,1.035,0.559,0,0,1,0,1,1.0,Risco 1,7.6,1.032,0.3600000000000003,0.0029999999999998916,-0.03000000000000025,0.0030000000000001137,0.237,0.0,0.019,0.087,0.002,0.391,1.036,1.038,1.038,1.037,7.93,7.93,7.97,7.93,Aprovado,Aprovado,Reprovado,Conforme,Reprovado na Estabilidade Acelerada,False,True
DLR-2411-171,2024-11-03,Detergente Liquido para Roupas,DLR,FOR-B,ANL-02,PH-01,9.83,1.021,1.702,1,2,1,0,1,1.0,Risco 1,9.6,1.022,0.23000000000000043,-0.001000000000000112,,,,,,,,,,,,,,,,,Reprovado,,,,Reprovado no Teste Inicial,False,False
DES-2411-172,2024-11-04,Desinfetante Quaternario Concentrado,DES,FOR-A,ANL-01,PH-02,7.4,1.017,0.71,2,0,0,1,0,,Risco 2,7.0,1.005,0.40000000000000036,0.01200000000000001,,,,,,,,,,,,,,,,,Reprovado,,,,Reprovado no Teste Inicial,False,False
DLR-2411-173,2024-11-07,Detergente Liquido para Roupas,DLR,FOR-C,ANL-03,PH-01,9.44,1.029,0.503,1,0,1,1,0,0.0,Risco 1,9.6,1.022,-0.16000000000000014,0.006999999999999895,-0.05999999999999872,0.0030000000000001137,0.389,1.0,0.03,0.142,0.003,0.691,1.03,1.031,1.03,1.034,9.42,9.39,9.37,9.31,Aprovado,Aprovado,Aprovado,Conforme,Aprovado aos 90 dias,True,True
ALV-2411-174,2024-11-08,Alvejante Liquido sem Cloro,ALV,FOR-A,ANL-03,PH-01,4.39,1.037,1.159,0,1,1,0,0,0.0,Risco 1,4.2,1.045,0.1899999999999995,-0.008000000000000007,-0.08000000000000007,0.0030000000000001137,0.31,0.0,,,,,,,,,,,,,Aprovado,Reprovado,,,Reprovado na Estabilidade Preliminar,False,False
DLL-2411-175,2024-11-08,Detergente Liquido Lava-Loucas,DLL,FOR-A,ANL-02,PH-01,7.93,1.031,1.085,1,1,1,1,1,1.0,Risco 1,7.6,1.032,0.33000000000000007,-0.001000000000000112,-0.02999999999999936,-0.0009999999999998899,0.24,1.0,0.019,0.088,0.002,0.395,1.029,1.031,1.028,1.029,7.89,7.88,7.94,7.86,Aprovado,Aprovado,Aprovado,Conforme,Aprovado aos 90 dias,True,True
ALV-2411-176,2024-11-10,Alvejante Liquido sem Cloro,ALV,FOR-C,ANL-01,PH-01,3.94,1.049,1.097,1,1,1,1,1,1.0,Risco 1,4.2,1.045,-0.26000000000000023,0.0040000000000000036,-0.08000000000000007,0.0050000000000001155,0.335,1.0,0.026,0.123,0.003,1.059,1.053,1.054,1.055,1.054,3.88,3.76,3.86,3.87,Aprovado,Aprovado,Reprovado,Conforme,Reprovado na Estabilidade Acelerada,False,True
LMU-2411-177,2024-11-11,Limpador Multiuso Alcalino,LMU,FOR-B,ANL-02,PH-02,10.75,1.01,0.656,1,0,1,1,1,1.0,Risco 1,10.2,1.01,0.5500000000000007,0.0,-0.13000000000000078,0.0009999999999998899,0.386,2.0,0.03,0.141,0.003,0.649,1.012,1.008,1.011,1.011,10.67,10.6,10.63,10.55,Aprovado,Aprovado,Reprovado,Nao conforme,Reprovado na Estabilidade Acelerada,False,True
DLR-2411-178,2024-11-13,Detergente Liquido para Roupas,DLR,FOR-A,ANL-01,PH-01,9.1,1.013,0.956,0,1,1,0,0,0.0,Risco 1,9.6,1.022,-0.5,-0.009000000000000119,-0.009999999999999787,0.0,0.388,0.0,0.03,0.142,0.003,0.689,1.014,1.013,1.012,1.01,9.14,9.07,9.12,9.08,Aprovado,Aprovado,Aprovado,Conforme,Aprovado aos 90 dias,True,True
DLR-2411-179,2024-11-15,Detergente Liquido para Roupas,DLR,FOR-A,ANL-03,PH-02,9.87,1.031,0.896,0,1,1,1,1,1.0,Risco 1,9.6,1.022,0.2699999999999996,0.008999999999999897,-0.009999999999999787,-0.0009999999999998899,0.391,1.0,0.03,0.143,0.003,0.693,1.03,1.026,1.032,1.029,9.84,9.79,9.81,9.82,Aprovado,Aprovado,Reprovado,Conforme,Reprovado na Estabilidade Acelerada,False,True
DES-2411-180,2024-11-16,Desinfetante Quaternario Concentrado,DES,FOR-A,ANL-03,PH-01,6.9,1.009,0.787,2,0,1,2,1,,Risco 2,7.0,1.005,-0.09999999999999964,0.0040000000000000036,-0.0600000000000005,0.0,0.222,4.0,,,,,,,,,,,,,Aprovado,Reprovado,,,Reprovado na Estabilidade Preliminar,False,False
DLR-2411-181,2024-11-18,Detergente Liquido para Roupas,DLR,FOR-A,ANL-03,PH-01,9.81,1.027,0.449,1,0,1,1,1,1.0,Risco 1,9.6,1.022,0.21000000000000085,0.004999999999999893,-0.0600000000000005,0.0020000000000000018,0.392,2.0,0.031,0.144,0.003,0.697,1.029,1.03,1.029,1.032,9.79,9.69,9.67,9.73,Aprovado,Aprovado,Reprovado,Conforme,Reprovado na Estabilidade Acelerada,False,True
DLR-2411-182,2024-11-20,Detergente Liquido para Roupas,DLR,FOR-A,ANL-02,PH-01,9.36,1.024,0.515,2,0,1,3,1,1.0,Risco 1,9.6,1.022,-0.2400000000000002,0.0020000000000000018,,,,,,,,,,,,,,,,,Reprovado,,,,Reprovado no Teste Inicial,False,False
ALV-2411-183,2024-11-22,Alvejante Liquido sem Cloro,ALV,FOR-C,ANL-01,PH-01,4.0,1.044,0.965,0,1,1,1,0,0.0,Risco 1,4.2,1.045,-0.20000000000000018,-0.0009999999999998899,-0.10999999999999988,0.0020000000000000018,0.32,0.0,0.025,0.117,0.002,1.006,1.044,1.046,1.047,1.046,3.85,3.86,3.96,3.86,Aprovado,Aprovado,Reprovado,Conforme,Reprovado na Estabilidade Acelerada,False,True
AMA-2411-184,2024-11-28,Amaciante de Roupas (esterquat),AMA,FOR-B,ANL-03,PH-02,3.4,1.003,0.541,1,0,1,1,2,2.0,Risco 1,3.2,0.996,0.19999999999999973,0.006999999999999895,-0.08000000000000007,0.0020000000000000018,0.442,1.0,0.034,0.161,0.003,0.587,1.006,1.007,1.006,1.005,3.31,3.26,3.37,3.33,Aprovado,Aprovado,Reprovado,Conforme,Reprovado na Estabilidade Acelerada,False,True
DLR-2411-185,2024-11-30,Detergente Liquido para Roupas,DLR,FOR-A,ANL-02,PH-01,9.66,1.021,0.515,0,0,1,0,1,1.0,Risco 1,9.6,1.022,0.0600000000000005,-0.001000000000000112,-0.05000000000000071,0.0,0.39,0.0,0.03,0.143,0.003,0.692,1.018,1.02,1.018,1.021,9.54,9.58,9.63,9.65,Aprovado,Aprovado,Aprovado,Conforme,Aprovado aos 90 dias,True,True
AMA-2412-186,2024-12-03,Amaciante de Roupas (esterquat),AMA,FOR-A,ANL-01,PH-02,3.35,0.996,0.756,1,0,1,0,1,1.0,Risco 1,3.2,0.996,0.1499999999999999,0.0,-0.10000000000000009,-0.0020000000000000018,0.454,1.0,0.035,0.166,0.003,0.605,0.994,0.994,0.994,0.995,3.23,3.19,3.24,3.21,Aprovado,Aprovado,Aprovado,Conforme,Aprovado aos 90 dias,True,True
LMU-2412-187,2024-12-11,Limpador Multiuso Alcalino,LMU,FOR-A,ANL-03,PH-02,10.72,1.016,0.629,2,0,1,3,1,1.0,Risco 1,10.2,1.01,0.5200000000000014,0.006000000000000005,,,,,,,,,,,,,,,,,Reprovado,,,,Reprovado no Teste Inicial,False,False
ALV-2412-188,2024-12-12,Alvejante Liquido sem Cloro,ALV,FOR-A,ANL-01,PH-01,4.1,1.039,0.702,2,0,0,2,2,1.0,Risco 1,4.2,1.045,-0.10000000000000053,-0.006000000000000005,,,,,,,,,,,,,,,,,Reprovado,,,,Reprovado no Teste Inicial,False,False
LMU-2412-189,2024-12-13,Limpador Multiuso Alcalino,LMU,FOR-B,ANL-02,PH-02,10.45,1.007,0.6,3,0,1,3,0,1.0,Risco 1,10.2,1.01,0.25,-0.0030000000000001137,,,,,,,,,,,,,,,,,Reprovado,,,,Reprovado no Teste Inicial,False,False
ALV-2412-190,2024-12-13,Alvejante Liquido sem Cloro,ALV,FOR-C,ANL-02,PH-01,4.43,1.053,0.789,1,0,1,0,1,1.0,Risco 1,4.2,1.045,0.22999999999999954,0.008000000000000007,-0.08999999999999986,0.0020000000000000018,0.323,1.0,0.025,0.118,0.002,1.017,1.054,1.054,1.053,1.056,4.32,4.28,4.3,4.32,Aprovado,Aprovado,Reprovado,Conforme,Reprovado na Estabilidade Acelerada,False,True
AMA-2412-191,2024-12-14,Amaciante de Roupas (esterquat),AMA,FOR-C,ANL-01,PH-01,3.27,0.993,1.243,1,1,1,1,1,1.0,Risco 1,3.2,0.996,0.06999999999999984,-0.0030000000000000027,-0.08999999999999986,0.0030000000000000027,0.452,1.0,0.035,0.165,0.003,0.601,0.997,0.996,0.996,0.997,3.12,3.19,3.15,3.15,Aprovado,Aprovado,Reprovado,Conforme,Reprovado na Estabilidade Acelerada,False,True
AMA-2412-192,2024-12-15,Amaciante de Roupas (esterquat),AMA,FOR-C,ANL-02,PH-02,3.17,0.996,1.45,0,1,1,0,0,0.0,Risco 1,3.2,0.996,-0.03000000000000025,0.0,-0.06999999999999984,-0.0010000000000000009,0.443,0.0,0.034,0.162,0.003,0.589,0.994,0.995,0.994,0.995,3.09,3.05,3.06,3.1,Aprovado,Aprovado,Aprovado,Conforme,Aprovado aos 90 dias,True,True
DES-2412-193,2024-12-16,Desinfetante Quaternario Concentrado,DES,FOR-A,ANL-02,PH-01,7.31,1.006,0.472,1,0,1,1,1,,Risco 2,7.0,1.005,0.3099999999999996,0.001000000000000112,-0.05999999999999961,0.0009999999999998899,0.219,1.0,,,,,,,,,,,,,Aprovado,Reprovado,,,Reprovado na Estabilidade Preliminar,False,False
DLR-2412-194,2024-12-20,Detergente Liquido para Roupas,DLR,FOR-B,ANL-01,PH-01,9.58,1.016,0.648,1,0,1,3,1,1.0,Risco 1,9.6,1.022,-0.019999999999999574,-0.006000000000000005,,,,,,,,,,,,,,,,,Reprovado,,,,Reprovado no Teste Inicial,False,False
DLL-2412-195,2024-12-23,Detergente Liquido Lava-Loucas,DLL,FOR-B,ANL-01,PH-01,7.91,1.04,0.296,1,0,1,1,1,1.0,Risco 1,7.6,1.032,0.3100000000000005,0.008000000000000007,-0.0600000000000005,0.0020000000000000018,0.238,2.0,0.019,0.087,0.002,0.391,1.045,1.043,1.041,1.044,7.86,7.81,7.82,7.83,Aprovado,Aprovado,Reprovado,Nao conforme,Reprovado na Estabilidade Acelerada,False,True
AMA-2412-196,2024-12-26,Amaciante de Roupas (esterquat),AMA,FOR-C,ANL-02,PH-01,31.7,0.999,0.441,1,0,1,1,1,1.0,Risco 1,3.2,0.996,28.5,0.0030000000000000027,,,,,,,,,,,,,,,,,Reprovado,,,,Reprovado no Teste Inicial,False,False
DES-2412-197,2024-12-26,Desinfetante Quaternario Concentrado,DES,FOR-B,ANL-03,PH-02,6.68,0.994,0.585,0,0,1,0,0,,Risco 2,7.0,1.005,-0.3200000000000003,-0.010999999999999899,,,,,,,,,,,,,,,,,Reprovado,,,,Reprovado no Teste Inicial,False,False
DLR-2412-198,2024-12-29,Detergente Liquido para Roupas,DLR,FOR-B,ANL-02,PH-01,9.59,1.018,0.077,2,0,1,2,3,4.0,Risco 1,9.6,1.022,-0.009999999999999787,-0.0040000000000000036,,,,,,,,,,,,,,,,,Reprovado,,,,Reprovado no Teste Inicial,False,False
DES-2412-199,2024-12-30,Desinfetante Quaternario Concentrado,DES,FOR-B,ANL-01,PH-01,7.12,1.013,0.749,2,0,1,1,1,,Risco 2,7.0,1.005,0.1200000000000001,0.008000000000000007,-0.04999999999999982,-0.0009999999999998899,0.224,3.0,,,,,,,,,,,,,Aprovado,Reprovado,,,Reprovado na Estabilidade Preliminar,False,False
AMA-2412-200,2024-12-31,Amaciante de Roupas (esterquat),AMA,FOR-A,ANL-02,PH-02,3.26,1.005,1.13,2,1,1,2,4,3.0,Risco 1,3.2,0.996,0.05999999999999961,0.008999999999999897,,,,,,,,,,,,,,,,,Reprovado,,,,Reprovado no Teste Inicial,False,False
LMU-2412-201,2024-12-31,Limpador Multiuso Alcalino,LMU,FOR-B,ANL-01,PH-02,10.47,1.008,0.761,2,0,1,2,0,1.0,Risco 1,10.2,1.01,0.27000000000000135,-0.0020000000000000018,-0.120000000000001,0.0020000000000000018,0.384,3.0,,,,,,,,,,,,,Aprovado,Reprovado,,,Reprovado na Estabilidade Preliminar,False,False
DLL-2501-202,2025-01-01,Detergente Liquido Lava-Loucas,DLL,FOR-A,ANL-03,PH-02,7.38,1.031,0.085,1,0,1,1,1,1.0,Risco 1,7.6,1.032,-0.21999999999999975,-0.001000000000000112,-0.08000000000000007,0.0020000000000000018,0.237,1.0,0.019,0.087,0.002,0.391,1.031,1.031,1.032,1.03,7.28,7.25,7.31,7.31,Aprovado,Aprovado,Aprovado,Conforme,Aprovado aos 90 dias,True,True
DLR-2501-203,2025-01-02,Detergente Liquido para Roupas,DLR,FOR-C,ANL-02,PH-02,9.4,1.022,1.093,1,1,1,2,1,1.0,Risco 1,9.6,1.022,-0.1999999999999993,0.0,-0.120000000000001,0.0020000000000000018,0.394,1.0,0.031,0.144,0.003,0.702,1.024,1.025,1.028,1.022,9.26,9.29,9.24,9.27,Aprovado,Aprovado,Aprovado,Conforme,Aprovado aos 90 dias,True,True
AMA-2501-204,2025-01-03,Amaciante de Roupas (esterquat),AMA,FOR-C,ANL-01,PH-02,3.32,0.988,1.514,0,1,1,0,0,0.0,Risco 1,3.2,0.996,0.11999999999999966,-0.008000000000000007,,,,,,,,,,,,,,,,,Reprovado,,,,Reprovado no Teste Inicial,False,False
DLR-2501-205,2025-01-04,Detergente Liquido para Roupas,DLR,FOR-C,ANL-03,PH-02,9.48,1.014,0.853,1,1,1,0,1,1.0,Risco 1,9.6,1.022,-0.11999999999999922,-0.008000000000000007,-0.05000000000000071,0.0020000000000000018,0.389,0.0,0.03,0.142,0.003,0.69,1.015,1.018,1.017,1.019,9.44,9.37,9.43,9.46,Aprovado,Aprovado,Aprovado,Conforme,Aprovado aos 90 dias,True,True
ALV-2501-206,2025-01-07,Alvejante Liquido sem Cloro,ALV,FOR-C,ANL-02,PH-01,4.04,1.04,1.543,0,1,1,0,0,0.0,Risco 1,4.2,1.045,-0.16000000000000014,-0.004999999999999893,,,,,,,,,,,,,,,,,Reprovado,,,,Reprovado no Teste Inicial,False,False
DES-2501-207,2025-01-08,Desinfetante Quaternario Concentrado,DES,FOR-B,ANL-03,PH-01,6.91,1.007,0.786,1,0,1,1,1,,Risco 2,7.0,1.005,-0.08999999999999986,0.0020000000000000018,-0.0600000000000005,-0.0009999999999998899,0.221,1.0,0.017,0.081,0.002,0.499,1.005,1.006,1.003,1.009,6.87,6.83,6.81,6.84,Aprovado,Aprovado,Reprovado,Conforme,Reprovado na Estabilidade Acelerada,False,True
DES-2501-208,2025-01-10,Desinfetante Quaternario Concentrado,DES,FOR-B,ANL-01,PH-01,6.98,1.013,0.3,2,0,1,2,1,,Risco 2,7.0,1.005,-0.019999999999999574,0.008000000000000007,-0.07000000000000028,0.0,0.222,3.0,,,,,,,,,,,,,Aprovado,Reprovado,,,Reprovado na Estabilidade Preliminar,False,False
DES-2501-209,2025-01-10,Desinfetante Quaternario Concentrado,DES,FOR-A,ANL-03,PH-01,72.1,1.009,0.6,1,0,1,0,1,,Risco 2,7.0,1.005,65.1,0.0040000000000000036,,,,,,,,,,,,,,,,,Reprovado,,,,Reprovado no Teste Inicial,False,False
ALV-2501-210,2025-01-11,Alvejante Liquido sem Cloro,ALV,FOR-A,ANL-02,PH-02,4.15,1.043,0.84,1,1,0,1,1,1.0,Risco 1,4.2,1.045,-0.04999999999999982,-0.0020000000000000018,,,,,,,,,,,,,,,,,Reprovado,,,,Reprovado no Teste Inicial,False,False
LMU-2501-211,2025-01-12,Limpador Multiuso Alcalino,LMU,FOR-A,ANL-01,PH-01,10.17,1.018,1.336,1,1,1,1,1,1.0,Risco 1,10.2,1.01,-0.02999999999999936,0.008000000000000007,-0.08999999999999986,-0.001000000000000112,0.376,1.0,0.029,0.138,0.003,0.631,1.018,1.017,1.017,1.017,10.05,10.02,10.06,10.06,Aprovado,Aprovado,Aprovado,Conforme,Aprovado aos 90 dias,True,True
LMU-2501-212,2025-01-18,Limpador Multiuso Alcalino,LMU,FOR-C,ANL-01,PH-02,10.44,1.01,0.417,1,0,1,0,0,1.0,Risco 1,10.2,1.01,0.2400000000000002,0.0,-0.09999999999999964,0.0029999999999998916,0.385,1.0,0.03,0.141,0.003,0.646,1.012,1.013,1.011,1.013,10.36,10.28,10.27,10.33,Aprovado,Aprovado,Aprovado,Conforme,Aprovado aos 90 dias,True,True
DLL-2501-213,2025-01-18,Detergente Liquido Lava-Loucas,DLL,FOR-B,ANL-01,PH-02,7.93,1.04,0.571,1,0,1,1,1,1.0,Risco 1,7.6,1.032,0.33000000000000007,0.008000000000000007,0.010000000000000675,0.0009999999999998899,0.235,2.0,0.018,0.086,0.002,0.385,1.043,1.042,1.04,1.042,7.92,7.9,7.97,7.85,Aprovado,Aprovado,Reprovado,Conforme,Reprovado na Estabilidade Acelerada,False,True
LMU-2501-214,2025-01-18,Limpador Multiuso Alcalino,LMU,FOR-B,ANL-02,PH-01,9.81,1.0,0.447,0,0,1,0,0,0.0,Risco 1,10.2,1.01,-0.3899999999999988,-0.010000000000000009,-0.02000000000000135,-0.0020000000000000018,0.389,0.0,,,,,,,,,,,,,Aprovado,Reprovado,,,Reprovado na Estabilidade Preliminar,False,False
DLL-2501-215,2025-01-19,Detergente Liquido Lava-Loucas,DLL,FOR-C,ANL-01,PH-01,7.57,1.03,0.498,2,0,1,2,1,1.0,Risco 1,7.6,1.032,-0.02999999999999936,-0.0020000000000000018,-0.08000000000000007,-0.0030000000000001137,0.235,2.0,,,,,,,,,,,,,Aprovado,Reprovado,,,Reprovado na Estabilidade Preliminar,False,False
LMU-2501-216,2025-01-20,Limpador Multiuso Alcalino,LMU,FOR-C,ANL-03,PH-01,10.03,1.012,0.326,1,0,1,1,1,1.0,Risco 1,10.2,1.01,-0.16999999999999993,0.0020000000000000018,-0.06999999999999851,0.0029999999999998916,0.387,1.0,0.03,0.142,0.003,0.65,1.013,1.016,1.017,1.016,9.95,9.89,9.9,9.9,Aprovado,Aprovado,Reprovado,Conforme,Reprovado na Estabilidade Acelerada,False,True
DLL-2501-217,2025-01-20,Detergente Liquido Lava-Loucas,DLL,FOR-B,ANL-01,PH-02,7.46,1.029,0.466,0,0,1,1,1,1.0,Risco 1,7.6,1.032,-0.13999999999999968,-0.0030000000000001137,-0.040000000000000036,-0.0009999999999998899,0.237,0.0,0.019,0.087,0.002,0.391,1.028,1.03,1.029,1.028,7.4,7.45,7.4,7.41,Aprovado,Aprovado,Aprovado,Conforme,Aprovado aos 90 dias,True,True
AMA-2501-218,2025-01-22,Amaciante de Roupas (esterquat),AMA,FOR-A,ANL-03,PH-02,3.4,1.0,1.014,0,1,1,0,0,0.0,Risco 1,3.2,0.996,0.19999999999999973,0.0040000000000000036,-0.06000000000000005,0.0009999999999998899,0.437,0.0,0.034,0.159,0.003,0.581,1.001,1.002,1.003,1.002,3.36,3.33,3.33,3.32,Aprovado,Aprovado,Aprovado,Conforme,Aprovado aos 90 dias,True,True
ALV-2501-219,2025-01-22,Alvejante Liquido sem Cloro,ALV,FOR-B,ANL-02,PH-02,4.26,1.045,1.347,2,1,1,2,2,3.0,Risco 1,4.2,1.045,0.05999999999999961,0.0,,,,,,,,,,,,,,,,,Reprovado,,,,Reprovado no Teste Inicial,False,False
DES-2501-220,2025-01-29,Desinfetante Quaternario Concentrado,DES,FOR-A,ANL-02,PH-01,6.93,1.002,0.387,0,0,1,0,1,,Risco 2,7.0,1.005,-0.07000000000000028,-0.0029999999999998916,-0.02999999999999936,0.0,0.224,0.0,0.017,0.082,0.002,0.513,1.005,1.001,1.002,1.003,6.88,6.88,6.9,6.89,Aprovado,Aprovado,Aprovado,Conforme,Aprovado aos 90 dias,True,True
LMU-2501-221,2025-01-29,Limpador Multiuso Alcalino,LMU,FOR-A,ANL-02,PH-01,96.7,1.002,0.521,1,0,1,2,0,1.0,Risco 1,10.2,1.01,86.5,-0.008000000000000007,,,,,,,,,,,,,,,,,Reprovado,,,,Reprovado no Teste Inicial,False,False
LMU-2501-222,2025-01-29,Limpador Multiuso Alcalino,LMU,FOR-A,ANL-02,PH-02,10.61,1.01,1.355,2,1,1,2,1,1.0,Risco 1,10.2,1.01,0.41000000000000014,0.0,-0.1399999999999988,0.0,0.379,3.0,,,,,,,,,,,,,Aprovado,Reprovado,,,Reprovado na Estabilidade Preliminar,False,False
DLR-2501-223,2025-01-30,Detergente Liquido para Roupas,DLR,FOR-C,ANL-03,PH-01,9.61,1.02,1.409,1,1,1,2,1,1.0,Risco 1,9.6,1.022,0.009999999999999787,-0.0020000000000000018,-0.08999999999999986,0.0,0.39,2.0,0.03,0.143,0.003,0.692,1.017,1.021,1.018,1.022,9.53,9.5,9.53,9.52,Aprovado,Aprovado,Aprovado,Conforme,Aprovado aos 90 dias,True,True
DES-2501-224,2025-01-31,Desinfetante Quaternario Concentrado,DES,FOR-A,ANL-01,PH-01,7.05,1.009,0.885,0,1,1,0,1,,Risco 2,7.0,1.005,0.04999999999999982,0.0040000000000000036,0.020000000000000462,0.0,0.219,0.0,0.017,0.08,0.002,0.495,1.011,1.011,1.011,1.009,7.09,7.07,7.08,7.02,Aprovado,Aprovado,Aprovado,Conforme,Aprovado aos 90 dias,True,True
DES-2502-225,2025-02-01,Desinfetante Quaternario Concentrado,DES,FOR-C,ANL-01,PH-02,7.35,0.997,0.613,1,0,1,0,1,,Risco 2,7.0,1.005,0.34999999999999964,-0.007999999999999896,-0.05999999999999961,-0.0020000000000000018,0.218,0.0,0.017,0.08,0.002,0.492,0.997,0.994,0.993,0.995,7.33,7.28,7.26,7.26,Aprovado,Aprovado,Aprovado,Conforme,Aprovado aos 90 dias,True,True
DLR-2502-226,2025-02-08,Detergente Liquido para Roupas,DLR,FOR-C,ANL-01,PH-01,9.82,1.019,0.532,0,0,1,0,1,1.0,Risco 1,9.6,1.022,0.22000000000000064,-0.0030000000000001137,-0.030000000000001137,0.0020000000000000018,0.389,0.0,0.03,0.142,0.003,0.69,1.02,1.021,1.022,1.02,9.8,9.77,9.75,9.8,Aprovado,Aprovado,Aprovado,Conforme,Aprovado aos 90 dias,True,True
DES-2502-227,2025-02-08,Desinfetante Quaternario Concentrado,DES,FOR-A,ANL-01,PH-02,7.18,1.001,0.413,1,0,1,1,1,,Risco 2,7.0,1.005,0.17999999999999972,-0.0040000000000000036,-0.09999999999999964,0.0,0.222,2.0,0.017,0.081,0.002,0.506,1.002,1.001,1.004,1.003,7.05,7.0,7.09,7.06,Aprovado,Aprovado,Aprovado,Conforme,Aprovado aos 90 dias,True,True
DLR-2502-228,2025-02-12,Detergente Liquido para Roupas,DLR,FOR-A,ANL-03,PH-01,9.41,1.022,0.712,1,0,1,1,1,1.0,Risco 1,9.6,1.022,-0.1899999999999995,0.0,-0.07000000000000028,0.006000000000000005,0.392,1.0,0.031,0.143,0.003,0.696,1.029,1.028,1.029,1.027,9.31,9.34,9.37,9.35,Aprovado,Aprovado,Reprovado,Conforme,Reprovado na Estabilidade Acelerada,False,True
AMA-2502-229,2025-02-13,Amaciante de Roupas (esterquat),AMA,FOR-B,ANL-02,PH-02,2.99,0.991,0.771,0,0,1,0,0,0.0,Risco 1,3.2,0.996,-0.20999999999999996,-0.0050000000000000044,-0.15000000000000036,0.0010000000000000009,0.436,1.0,0.034,0.159,0.003,0.579,0.994,0.992,0.993,0.992,2.82,2.78,2.86,2.82,Aprovado,Aprovado,Reprovado,Conforme,Reprovado na Estabilidade Acelerada,False,True
DES-2502-230,2025-02-20,Desinfetante Quaternario Concentrado,DES,FOR-C,ANL-01,PH-02,6.93,10.05,0.527,0,0,1,1,1,,Risco 2,7.0,1.005,-0.07000000000000028,9.045000000000002,,,,,,,,,,,,,,,,,Reprovado,,,,Reprovado no Teste Inicial,False,False
DLL-2502-231,2025-02-20,Detergente Liquido Lava-Loucas,DLL,FOR-C,ANL-03,PH-02,7.64,1.025,0.634,1,0,1,2,1,1.0,Risco 1,7.6,1.032,0.040000000000000036,-0.007000000000000117,-0.1200000000000001,0.0030000000000001137,0.238,2.0,0.019,0.087,0.002,0.392,1.028,1.029,1.027,1.029,7.46,7.5,7.56,7.56,Aprovado,Aprovado,Reprovado,Conforme,Reprovado na Estabilidade Acelerada,False,True
DLL-2502-232,2025-02-20,Detergente Liquido Lava-Loucas,DLL,FOR-C,ANL-02,PH-02,7.78,1.037,0.523,1,0,1,0,1,1.0,Risco 1,7.6,1.032,0.1800000000000006,0.004999999999999893,-0.11000000000000032,-0.0009999999999998899,0.239,1.0,0.019,0.088,0.002,0.394,1.037,1.037,1.037,1.034,7.63,7.6,7.64,7.7,Aprovado,Aprovado,Aprovado,Conforme,Aprovado aos 90 dias,True,True
LMU-2502-233,2025-02-21,Limpador Multiuso Alcalino,LMU,FOR-C,ANL-03,PH-02,10.4,1.015,0.341,1,0,1,1,1,1.0,Risco 1,10.2,1.01,0.20000000000000107,0.004999999999999893,-0.120000000000001,0.001000000000000112,0.383,2.0,0.03,0.14,0.003,0.643,1.015,1.013,1.017,1.015,10.26,10.23,10.3,10.22,Aprovado,Aprovado,Aprovado,Conforme,Aprovado aos 90 dias,True,True
DLL-2502-234,2025-02-22,Detergente Liquido Lava-Loucas,DLL,FOR-C,ANL-02,PH-02,7.73,1.028,0.575,1,0,1,1,1,1.0,Risco 1,7.6,1.032,0.13000000000000078,-0.0040000000000000036,-0.07000000000000028,0.0040000000000000036,0.241,1.0,0.019,0.088,0.002,0.399,1.032,1.032,1.03,1.03,7.66,7.63,7.63,7.63,Aprovado,Aprovado,Aprovado,Conforme,Aprovado aos 90 dias,True,True
DES-2502-235,2025-02-23,Desinfetante Quaternario Concentrado,DES,FOR-C,ANL-01,PH-02,6.82,1.006,0.391,0,0,1,0,0,,Risco 2,7.0,1.005,-0.17999999999999972,0.001000000000000112,-0.010000000000000675,0.0020000000000000018,0.221,0.0,0.017,0.081,0.002,0.505,1.007,1.006,1.007,1.007,6.8,6.75,6.78,6.78,Aprovado,Aprovado,Aprovado,Conforme,Aprovado aos 90 dias,True,True
ALV-2502-236,2025-02-24,Alvejante Liquido sem Cloro,ALV,FOR-C,ANL-03,PH-02,4.04,1.056,0.655,0,0,1,0,0,0.0,Risco 1,4.2,1.045,-0.16000000000000014,0.01100000000000012,-0.020000000000000462,0.0,0.33,0.0,0.026,0.121,0.003,1.041,1.057,1.057,1.057,1.057,4.03,3.92,4.04,3.98,Aprovado,Aprovado,Reprovado,Nao conforme,Reprovado na Estabilidade Acelerada,False,True
ALV-2502-237,2025-02-25,Alvejante Liquido sem Cloro,ALV,FOR-C,ANL-01,PH-01,4.14,1.041,1.963,0,2,1,0,0,1.0,Risco 1,4.2,1.045,-0.0600000000000005,-0.0040000000000000036,,,,,,,,,,,,,,,,,Reprovado,,,,Reprovado no Teste Inicial,False,False
AMA-2502-238,2025-02-27,Amaciante de Roupas (esterquat),AMA,FOR-A,ANL-02,PH-02,3.0,0.993,0.941,1,1,1,1,0,1.0,Risco 1,3.2,0.996,-0.20000000000000018,-0.0030000000000000027,-0.06999999999999984,0.0,0.451,0.0,0.035,0.164,0.003,0.601,0.993,0.996,0.992,0.992,2.95,2.94,2.94,2.9,Aprovado,Aprovado,Reprovado,Conforme,Reprovado na Estabilidade Acelerada,False,True
LMU-2502-239,2025-02-28,Limpador Multiuso Alcalino,LMU,FOR-A,ANL-03,PH-01,10.25,1.005,0.876,1,1,1,0,0,1.0,Risco 1,10.2,1.01,0.05000000000000071,-0.0050000000000001155,-0.09999999999999964,0.001000000000000112,0.386,0.0,0.03,0.141,0.003,0.646,1.005,1.006,1.004,1.005,10.19,10.13,10.12,10.12,Aprovado,Aprovado,Aprovado,Conforme,Aprovado aos 90 dias,True,True
DLL-2503-240,2025-03-03,Detergente Liquido Lava-Loucas,DLL,FOR-A,ANL-02,PH-02,7.67,1.028,0.48,1,0,1,2,1,1.0,Risco 1,7.6,1.032,0.07000000000000028,-0.0040000000000000036,-0.04999999999999982,0.0029999999999998916,0.239,2.0,,,,,,,,,,,,,Aprovado,Reprovado,,,Reprovado na Estabilidade Preliminar,False,False
DLL-2503-241,2025-03-03,Detergente Liquido Lava-Loucas,DLL,FOR-A,ANL-02,PH-01,7.51,1.034,0.44,1,0,1,0,1,0.0,Risco 1,7.6,1.032,-0.08999999999999986,0.0020000000000000018,0.009999999999999787,0.0020000000000000018,0.239,0.0,0.019,0.087,0.002,0.393,1.037,1.038,1.037,1.034,7.48,7.53,7.53,7.55,Aprovado,Aprovado,Aprovado,Conforme,Aprovado aos 90 dias,True,True
DES-2503-242,2025-03-04,Desinfetante Quaternario Concentrado,DES,FOR-C,ANL-02,PH-01,7.37,1.007,0.784,0,0,1,0,1,,Risco 2,7.0,1.005,0.3700000000000001,0.0020000000000000018,-0.020000000000000462,0.001000000000000112,0.216,0.0,0.017,0.079,0.002,0.489,1.009,1.009,1.007,1.007,7.33,7.34,7.35,7.37,Aprovado,Aprovado,Aprovado,Conforme,Aprovado aos 90 dias,True,True
ALV-2503-243,2025-03-04,Alvejante Liquido sem Cloro,ALV,FOR-C,ANL-02,PH-01,4.38,1.04,1.12,2,1,1,2,2,2.0,Risco 1,4.2,1.045,0.17999999999999972,-0.004999999999999893,-0.11000000000000032,0.004999999999999893,0.326,2.0,0.026,0.12,0.003,1.028,1.047,1.043,1.042,1.043,4.23,4.2,4.32,4.26,Aprovado,Aprovado,Reprovado,Nao conforme,Reprovado na Estabilidade Acelerada,False,True
DLR-2503-244,2025-03-05,Detergente Liquido para Roupas,DLR,FOR-C,ANL-03,PH-02,9.32,1.021,0.209,0,0,1,0,1,1.0,Risco 1,9.6,1.022,-0.27999999999999936,-0.001000000000000112,-0.05000000000000071,-0.0020000000000000018,0.39,0.0,0.03,0.143,0.003,0.693,1.02,1.019,1.018,1.016,9.26,9.29,9.27,9.31,Aprovado,Aprovado,Aprovado,Conforme,Aprovado aos 90 dias,True,True
DES-2503-245,2025-03-05,Desinfetante Quaternario Concentrado,DES,FOR-A,ANL-01,PH-01,6.87,1.017,0.785,0,0,1,0,0,,Risco 2,7.0,1.005,-0.1299999999999999,0.01200000000000001,-0.040000000000000036,0.001000000000000112,0.22,0.0,0.017,0.08,0.002,0.495,1.02,1.019,1.017,1.018,6.8,6.77,6.87,6.84,Aprovado,Aprovado,Reprovado,Conforme,Reprovado na Estabilidade Acelerada,False,True
AMA-2503-246,2025-03-06,Amaciante de Roupas (esterquat),AMA,FOR-C,ANL-01,PH-01,2.62,0.995,0.666,0,0,1,0,0,0.0,Risco 1,3.2,0.996,-0.5800000000000001,-0.0010000000000000009,-0.050000000000000266,0.0030000000000000027,0.451,1.0,0.035,0.164,0.003,0.601,0.999,0.997,0.998,0.999,2.5,2.54,2.61,2.51,Aprovado,Aprovado,Reprovado,Nao conforme,Reprovado na Estabilidade Acelerada,False,True
DLR-2503-247,2025-03-07,Detergente Liquido para Roupas,DLR,FOR-B,ANL-02,PH-02,9.58,1.032,1.036,2,1,1,2,1,1.0,Risco 1,9.6,1.022,-0.019999999999999574,0.010000000000000009,-0.0600000000000005,0.0029999999999998916,0.391,3.0,,,,,,,,,,,,,Aprovado,Reprovado,,,Reprovado na Estabilidade Preliminar,False,False
DLR-2503-248,2025-03-07,Detergente Liquido para Roupas,DLR,FOR-B,ANL-01,PH-02,9.5,1.025,0.397,1,0,1,1,1,1.0,Risco 1,9.6,1.022,-0.09999999999999964,0.0029999999999998916,-0.08000000000000007,0.0030000000000001137,0.39,1.0,0.03,0.143,0.003,0.692,1.028,1.028,1.028,1.025,9.38,9.4,9.41,9.4,Aprovado,Aprovado,Aprovado,Conforme,Aprovado aos 90 dias,True,True
DLL-2503-249,2025-03-07,Detergente Liquido Lava-Loucas,DLL,FOR-A,ANL-01,PH-02,7.52,1.029,0.638,0,0,1,0,0,1.0,Risco 1,7.6,1.032,-0.08000000000000007,-0.0030000000000001137,-0.05999999999999961,0.0030000000000001137,0.242,0.0,0.019,0.088,0.002,0.399,1.033,1.036,1.032,1.033,7.42,7.46,7.49,7.47,Aprovado,Aprovado,Aprovado,Conforme,Aprovado aos 90 dias,True,True
DES-2503-250,2025-03-09,Desinfetante Quaternario Concentrado,DES,FOR-A,ANL-01,PH-02,7.27,1.009,0.827,2,1,1,2,1,,Risco 2,7.0,1.005,0.2699999999999996,0.0040000000000000036,-0.05999999999999961,0.001000000000000112,0.224,2.0,0.017,0.082,0.002,0.51,1.01,1.009,1.011,1.008,7.29,7.16,7.28,7.16,Aprovado,Aprovado,Reprovado,Conforme,Reprovado na Estabilidade Acelerada,False,True
AMA-2503-251,2025-03-11,Amaciante de Roupas (esterquat),AMA,FOR-C,ANL-01,PH-02,3.21,0.996,0.832,1,1,1,1,1,1.0,Risco 1,3.2,0.996,0.009999999999999787,0.0,-0.06999999999999984,0.0040000000000000036,0.446,1.0,0.035,0.163,0.003,0.594,1.003,1.003,1.002,0.996,3.1,3.08,3.14,3.08,Aprovado,Aprovado,Aprovado,Conforme,Aprovado aos 90 dias,True,True
AMA-2503-252,2025-03-12,Amaciante de Roupas (esterquat),AMA,FOR-A,ANL-03,PH-02,3.26,0.987,0.348,0,0,1,0,0,0.0,Risco 1,3.2,0.996,0.05999999999999961,-0.009000000000000008,-0.04999999999999982,0.0020000000000000018,0.443,0.0,0.034,0.161,0.003,0.589,0.988,0.988,0.984,0.987,3.21,3.21,3.21,3.13,Aprovado,Aprovado,Aprovado,Conforme,Aprovado aos 90 dias,True,True
DLR-2503-253,2025-03-12,Detergente Liquido para Roupas,DLR,FOR-B,ANL-01,PH-02,9.65,1.025,0.475,3,0,1,4,1,1.0,Risco 1,9.6,1.022,0.05000000000000071,0.0029999999999998916,,,,,,,,,,,,,,,,,Reprovado,,,,Reprovado no Teste Inicial,False,False
DLL-2503-254,2025-03-13,Detergente Liquido Lava-Loucas,DLL,FOR-B,ANL-01,PH-02,7.64,1.031,0.913,1,1,1,1,1,1.0,Risco 1,7.6,1.032,0.040000000000000036,-0.001000000000000112,-0.05999999999999961,0.0,0.241,2.0,0.019,0.088,0.002,0.396,1.032,1.031,1.031,1.03,7.62,7.5,7.55,7.65,Aprovado,Aprovado,Aprovado,Conforme,Aprovado aos 90 dias,True,True
DLL-2503-255,2025-03-17,Detergente Liquido Lava-Loucas,DLL,FOR-A,ANL-03,PH-01,7.96,1.028,0.184,0,0,1,0,1,0.0,Risco 1,7.6,1.032,0.3600000000000003,-0.0040000000000000036,-0.040000000000000036,0.0009999999999998899,0.238,1.0,0.019,0.087,0.002,0.392,1.031,1.031,1.028,1.03,7.88,7.89,7.9,7.88,Aprovado,Aprovado,Reprovado,Conforme,Reprovado na Estabilidade Acelerada,False,True
DES-2503-256,2025-03-17,Desinfetante Quaternario Concentrado,DES,FOR-B,ANL-01,PH-02,7.12,1.001,0.695,1,0,1,1,1,,Risco 2,7.0,1.005,0.1200000000000001,-0.0040000000000000036,0.03000000000000025,-0.0009999999999998899,0.222,1.0,0.017,0.081,0.002,0.506,1.001,1.002,0.999,0.999,7.12,7.14,7.17,7.12,Aprovado,Aprovado,Reprovado,Conforme,Reprovado na Estabilidade Acelerada,False,True
ALV-2503-257,2025-03-19,Alvejante Liquido sem Cloro,ALV,FOR-B,ANL-02,PH-02,4.49,1.047,1.943,1,2,1,1,0,1.0,Risco 1,4.2,1.045,0.29000000000000004,0.0020000000000000018,,,,,,,,,,,,,,,,,Reprovado,,,,Reprovado no Teste Inicial,False,False
ALV-2503-258,2025-03-19,Alvejante Liquido sem Cloro,ALV,FOR-B,ANL-01,PH-02,4.16,1.043,1.483,0,1,1,0,0,1.0,Risco 1,4.2,1.045,-0.040000000000000036,-0.0020000000000000018,-0.07000000000000028,0.0,0.307,0.0,0.024,0.113,0.002,0.966,1.042,1.043,1.043,1.043,4.09,4.06,4.07,4.05,Aprovado,Aprovado,Aprovado,Conforme,Aprovado aos 90 dias,True,True
DLR-2503-259,2025-03-22,Detergente Liquido para Roupas,DLR,FOR-C,ANL-03,PH-01,9.64,1.017,0.406,1,0,1,2,1,1.0,Risco 1,9.6,1.022,0.040000000000000924,-0.0050000000000001155,-0.0600000000000005,0.0020000000000000018,0.393,1.0,0.031,0.144,0.003,0.698,1.021,1.017,1.018,1.02,9.6,9.54,9.62,9.61,Aprovado,Aprovado,Aprovado,Conforme,Aprovado aos 90 dias,True,True
AMA-2503-260,2025-03-26,Amaciante de Roupas (esterquat),AMA,FOR-A,ANL-03,PH-01,3.14,1.001,0.773,1,0,1,2,1,1.0,Risco 1,3.2,0.996,-0.06000000000000005,0.004999999999999893,-0.08000000000000007,0.0,0.435,2.0,0.034,0.158,0.003,0.578,1.004,1.004,1.002,1.001,3.06,2.98,3.07,3.1,Aprovado,Aprovado,Reprovado,Conforme,Reprovado na Estabilidade Acelerada,False,True
DLR-2503-261,2025-03-27,Detergente Liquido para Roupas,DLR,FOR-A,ANL-02,PH-02,9.8,1.023,0.974,1,1,1,2,1,0.0,Risco 1,9.6,1.022,0.20000000000000107,0.0009999999999998899,-0.07000000000000028,0.001000000000000112,0.396,1.0,0.031,0.145,0.003,0.704,1.023,1.023,1.022,1.024,9.71,9.66,9.75,9.74,Aprovado,Aprovado,Aprovado,Conforme,Aprovado aos 90 dias,True,True
DLR-2503-262,2025-03-29,Detergente Liquido para Roupas,DLR,FOR-B,ANL-01,PH-02,9.91,1.026,1.094,1,1,1,2,1,1.0,Risco 1,9.6,1.022,0.3100000000000005,0.0040000000000000036,-0.02999999999999936,0.0009999999999998899,0.391,2.0,0.03,0.143,0.003,0.693,1.025,1.028,1.028,1.028,9.91,9.88,9.96,9.9,Aprovado,Aprovado,Reprovado,Conforme,Reprovado na Estabilidade Acelerada,False,True
DLR-2504-263,2025-04-01,Detergente Liquido para Roupas,DLR,FOR-C,ANL-02,PH-01,9.8,1.024,0.273,0,0,1,0,3,4.0,Risco 1,9.6,1.022,0.20000000000000107,0.0020000000000000018,,,,,,,,,,,,,,,,,Reprovado,,,,Reprovado no Teste Inicial,False,False
AMA-2504-264,2025-04-01,Amaciante de Roupas (esterquat),AMA,FOR-C,ANL-02,PH-02,3.08,0.996,0.908,0,1,1,0,0,0.0,Risco 1,3.2,0.996,-0.1200000000000001,0.0,-0.06000000000000005,0.0010000000000000009,0.446,0.0,0.035,0.163,0.003,0.593,0.995,0.996,0.997,1.0,3.02,3.0,3.01,2.98,Aprovado,Aprovado,Aprovado,Conforme,Aprovado aos 90 dias,True,True
DLL-2504-265,2025-04-01,Detergente Liquido Lava-Loucas,DLL,FOR-A,ANL-03,PH-01,7.29,1.028,0.45,1,0,1,0,1,1.0,Risco 1,7.6,1.032,-0.3099999999999996,-0.0040000000000000036,-0.07000000000000028,-0.001000000000000112,0.238,0.0,0.019,0.087,0.002,0.393,1.024,1.029,1.028,1.027,7.23,7.15,7.24,7.19,Aprovado,Aprovado,Aprovado,Conforme,Aprovado aos 90 dias,True,True
DES-2504-266,2025-04-05,Desinfetante Quaternario Concentrado,DES,FOR-A,ANL-02,PH-01,6.91,1.014,0.693,2,0,1,3,1,,Risco 2,7.0,1.005,-0.08999999999999986,0.009000000000000119,,,,,,,,,,,,,,,,,Reprovado,,,,Reprovado no Teste Inicial,False,False
ALV-2504-267,2025-04-06,Alvejante Liquido sem Cloro,ALV,FOR-A,ANL-01,PH-01,4.45,1.046,0.787,2,0,1,2,2,2.0,Risco 1,4.2,1.045,0.25,0.001000000000000112,-0.15000000000000036,0.0009999999999998899,0.32,2.0,0.025,0.117,0.002,1.007,1.045,1.049,1.044,1.048,4.25,4.29,4.27,4.28,Aprovado,Aprovado,Reprovado,Nao conforme,Reprovado na Estabilidade Acelerada,False,True
AMA-2504-268,2025-04-10,Amaciante de Roupas (esterquat),AMA,FOR-C,ANL-02,PH-01,3.35,0.994,0.987,2,1,1,1,1,1.0,Risco 1,3.2,0.996,0.1499999999999999,-0.0020000000000000018,-0.14000000000000012,-0.0010000000000000009,0.436,2.0,0.034,0.159,0.003,0.579,0.99,0.996,0.993,0.992,3.19,3.15,3.21,3.17,Aprovado,Aprovado,Reprovado,Conforme,Reprovado na Estabilidade Acelerada,False,True
LMU-2504-269,2025-04-12,Limpador Multiuso Alcalino,LMU,FOR-A,ANL-02,PH-01,9.92,1.009,0.916,0,1,1,1,1,1.0,Risco 1,10.2,1.01,-0.27999999999999936,-0.001000000000000112,-0.0600000000000005,0.0020000000000000018,0.384,1.0,0.03,0.141,0.003,0.645,1.013,1.009,1.011,1.009,9.86,9.8,9.83,9.88,Aprovado,Aprovado,Reprovado,Conforme,Reprovado na Estabilidade Acelerada,False,True
ALV-2504-270,2025-04-13,Alvejante Liquido sem Cloro,ALV,FOR-B,ANL-01,PH-02,4.13,1.037,0.467,1,0,1,2,2,1.0,Risco 1,4.2,1.045,-0.07000000000000028,-0.008000000000000007,-0.16999999999999993,0.0020000000000000018,0.318,2.0,0.025,0.117,0.002,1.0,1.039,1.042,1.037,1.04,3.93,3.82,3.91,3.93,Aprovado,Aprovado,Reprovado,Conforme,Reprovado na Estabilidade Acelerada,False,True
ALV-2504-271,2025-04-14,Alvejante Liquido sem Cloro,ALV,FOR-B,ANL-03,PH-01,4.33,1.044,0.96,3,1,1,3,2,3.0,Risco 1,4.2,1.045,0.1299999999999999,-0.0009999999999998899,,,,,,,,,,,,,,,,,Reprovado,,,,Reprovado no Teste Inicial,False,False
AMA-2504-272,2025-04-14,Amaciante de Roupas (esterquat),AMA,FOR-B,ANL-03,PH-01,3.34,1.005,1.138,0,1,1,0,0,0.0,Risco 1,3.2,0.996,0.13999999999999968,0.008999999999999897,-0.040000000000000036,0.001000000000000112,0.444,0.0,,,,,,,,,,,,,Aprovado,Reprovado,,,Reprovado na Estabilidade Preliminar,False,False
DLR-2504-273,2025-04-15,Detergente Liquido para Roupas,DLR,FOR-A,ANL-03,PH-02,9.52,1.015,0.75,1,0,1,1,1,1.0,Risco 1,9.6,1.022,-0.08000000000000007,-0.007000000000000117,-0.07000000000000028,0.0,0.388,1.0,0.03,0.142,0.003,0.69,1.015,1.015,1.016,1.014,9.42,9.42,9.45,9.42,Aprovado,Aprovado,Reprovado,Conforme,Reprovado na Estabilidade Acelerada,False,True
DLR-2504-274,2025-04-15,Detergente Liquido para Roupas,DLR,FOR-C,ANL-01,PH-01,9.48,1.014,0.422,0,0,1,0,1,1.0,Risco 1,9.6,1.022,-0.11999999999999922,-0.008000000000000007,-0.05000000000000071,0.0,0.39,0.0,0.03,0.143,0.003,0.692,1.013,1.014,1.013,1.013,9.42,9.38,9.43,9.44,Aprovado,Aprovado,Aprovado,Conforme,Aprovado aos 90 dias,True,True
AMA-2505-275,2025-05-01,Amaciante de Roupas (esterquat),AMA,FOR-C,ANL-01,PH-01,2.91,0.989,0.782,1,0,1,0,1,0.0,Risco 1,3.2,0.996,-0.29000000000000004,-0.007000000000000006,-0.13000000000000034,-0.0010000000000000009,0.439,1.0,0.034,0.16,0.003,0.585,0.988,0.99,0.99,0.99,2.74,2.73,2.8,2.8,Aprovado,Aprovado,Reprovado,Conforme,Reprovado na Estabilidade Acelerada,False,True
LMU-2505-276,2025-05-04,Limpador Multiuso Alcalino,LMU,FOR-C,ANL-02,PH-01,10.37,1.012,0.31,1,0,1,0,1,1.0,Risco 1,10.2,1.01,0.16999999999999993,0.0020000000000000018,-0.09999999999999964,0.0,0.386,1.0,0.03,0.142,0.003,0.65,1.012,1.013,1.012,1.012,10.24,10.29,10.27,10.24,Aprovado,Aprovado,Aprovado,Conforme,Aprovado aos 90 dias,True,True
ALV-2505-277,2025-05-06,Alvejante Liquido sem Cloro,ALV,FOR-A,ANL-02,PH-01,3.93,1.045,1.257,1,1,1,1,1,0.0,Risco 1,4.2,1.045,-0.27,0.0,-0.11000000000000032,0.0030000000000001137,0.323,1.0,0.025,0.118,0.002,1.018,1.045,1.046,1.051,1.05,3.78,3.76,3.84,3.84,Aprovado,Aprovado,Reprovado,Conforme,Reprovado na Estabilidade Acelerada,False,True
DLR-2505-278,2025-05-08,Detergente Liquido para Roupas,DLR,FOR-A,ANL-02,PH-01,9.4,1.021,0.433,0,0,1,0,1,0.0,Risco 1,9.6,1.022,-0.1999999999999993,-0.001000000000000112,-0.040000000000000924,0.0020000000000000018,0.391,1.0,0.03,0.143,0.003,0.693,1.022,1.024,1.025,1.025,9.37,9.35,9.4,9.37,Aprovado,Aprovado,Aprovado,Conforme,Aprovado aos 90 dias,True,True
LMU-2505-279,2025-05-09,Limpador Multiuso Alcalino,LMU,FOR-C,ANL-03,PH-01,10.13,1.0,0.908,0,1,1,0,0,0.0,Risco 1,10.2,1.01,-0.06999999999999851,-0.010000000000000009,-0.07000000000000028,-0.0030000000000000027,0.391,0.0,,,,,,,,,,,,,Aprovado,Reprovado,,,Reprovado na Estabilidade Preliminar,False,False
DES-2505-280,2025-05-10,Desinfetante Quaternario Concentrado,DES,FOR-C,ANL-01,PH-01,7.15,1.005,0.219,1,0,1,2,1,,Risco 2,7.0,1.005,0.15000000000000036,0.0,-0.05000000000000071,-0.0009999999999998899,0.221,1.0,0.017,0.081,0.002,0.504,1.005,1.0,1.005,1.005,7.08,7.03,7.07,7.1,Aprovado,Aprovado,Reprovado,Conforme,Reprovado na Estabilidade Acelerada,False,True
DLR-2505-281,2025-05-12,Detergente Liquido para Roupas,DLR,FOR-A,ANL-01,PH-01,9.84,1.026,0.347,2,0,1,2,1,1.0,Risco 1,9.6,1.022,0.2400000000000002,0.0040000000000000036,-0.07000000000000028,-0.001000000000000112,0.391,3.0,,,,,,,,,,,,,Aprovado,Reprovado,,,Reprovado na Estabilidade Preliminar,False,False
AMA-2505-282,2025-05-17,Amaciante de Roupas (esterquat),AMA,FOR-B,ANL-01,PH-01,3.27,0.993,1.779,1,2,1,1,1,1.0,Risco 1,3.2,0.996,0.06999999999999984,-0.0030000000000000027,,,,,,,,,,,,,,,,,Reprovado,,,,Reprovado no Teste Inicial,False,False
DLL-2505-283,2025-05-20,Detergente Liquido Lava-Loucas,DLL,FOR-A,ANL-02,PH-01,7.3,1.036,1.36,2,1,1,1,1,1.0,Risco 1,7.6,1.032,-0.2999999999999998,0.0040000000000000036,-0.040000000000000036,0.0009999999999998899,0.24,2.0,0.019,0.088,0.002,0.397,1.036,1.037,1.04,1.037,7.24,7.22,7.32,7.26,Aprovado,Aprovado,Reprovado,Nao conforme,Reprovado na Estabilidade Acelerada,False,True
LMU-2505-284,2025-05-21,Limpador Multiuso Alcalino,LMU,FOR-C,ANL-02,PH-02,10.1,1.009,0.909,1,1,1,1,1,1.0,Risco 1,10.2,1.01,-0.09999999999999964,-0.001000000000000112,-0.09999999999999964,0.0050000000000001155,0.392,1.0,0.031,0.144,0.003,0.659,1.014,1.014,1.012,1.011,10.01,9.89,10.01,9.97,Aprovado,Aprovado,Aprovado,Conforme,Aprovado aos 90 dias,True,True
DLR-2505-285,2025-05-22,Detergente Liquido para Roupas,DLR,FOR-A,ANL-01,PH-01,9.8,1.025,0.664,1,0,1,1,0,1.0,Risco 1,9.6,1.022,0.20000000000000107,0.0029999999999998916,-0.040000000000000924,0.0030000000000001137,0.395,0.0,0.031,0.145,0.003,0.702,1.027,1.027,1.027,1.028,9.74,9.68,9.76,9.74,Aprovado,Aprovado,Aprovado,Conforme,Aprovado aos 90 dias,True,True
DLL-2505-286,2025-05-28,Detergente Liquido Lava-Loucas,DLL,FOR-B,ANL-02,PH-02,7.24,1.028,0.977,1,1,1,1,1,1.0,Risco 1,7.6,1.032,-0.35999999999999943,-0.0040000000000000036,-0.03000000000000025,0.0009999999999998899,0.238,2.0,0.019,0.087,0.002,0.394,1.028,1.031,1.029,1.029,7.17,7.25,7.24,7.2,Aprovado,Aprovado,Aprovado,Conforme,Aprovado aos 90 dias,True,True
DES-2505-287,2025-05-28,Desinfetante Quaternario Concentrado,DES,FOR-C,ANL-03,PH-02,6.66,1.003,1.115,0,1,1,0,1,,Risco 2,7.0,1.005,-0.33999999999999986,-0.0020000000000000018,-0.04999999999999982,0.001000000000000112,0.226,0.0,0.018,0.082,0.002,0.514,1.003,1.004,1.007,1.005,6.55,6.6,6.63,6.61,Aprovado,Aprovado,Aprovado,Conforme,Aprovado aos 90 dias,True,True
ALV-2505-288,2025-05-29,Alvejante Liquido sem Cloro,ALV,FOR-C,ANL-02,PH-02,4.2,1.05,0.681,3,0,1,4,4,4.0,Risco 1,4.2,1.045,0.0,0.0050000000000001155,,,,,,,,,,,,,,,,,Reprovado,,,,Reprovado no Teste Inicial,False,False
DES-2506-289,2025-06-06,Desinfetante Quaternario Concentrado,DES,FOR-B,ANL-03,PH-01,6.88,1.007,0.569,0,0,1,0,1,,Risco 2,7.0,1.005,-0.1200000000000001,0.0020000000000000018,-0.040000000000000036,0.0030000000000001137,0.22,0.0,0.017,0.08,0.002,0.5,1.013,1.009,1.009,1.01,6.82,6.76,6.82,6.86,Aprovado,Aprovado,Aprovado,Conforme,Aprovado aos 90 dias,True,True
LMU-2506-290,2025-06-08,Limpador Multiuso Alcalino,LMU,FOR-A,ANL-01,PH-02,10.73,1.011,0.586,2,0,1,2,1,1.0,Risco 1,10.2,1.01,0.5300000000000011,0.0009999999999998899,-0.13000000000000078,0.0,0.385,3.0,,,,,,,,,,,,,Aprovado,Reprovado,,,Reprovado na Estabilidade Preliminar,False,False
AMA-2506-291,2025-06-09,Amaciante de Roupas (esterquat),AMA,FOR-A,ANL-01,PH-02,3.11,0.983,1.758,0,2,1,0,0,0.0,Risco 1,3.2,0.996,-0.0900000000000003,-0.013000000000000012,,,,,,,,,,,,,,,,,Reprovado,,,,Reprovado no Teste Inicial,False,False
DLR-2506-292,2025-06-10,Detergente Liquido para Roupas,DLR,FOR-A,ANL-03,PH-01,9.67,1.022,0.869,1,1,1,3,0,1.0,Risco 1,9.6,1.022,0.07000000000000028,0.0,,,,,,,,,,,,,,,,,Reprovado,,,,Reprovado no Teste Inicial,False,False
DLL-2506-293,2025-06-13,Detergente Liquido Lava-Loucas,DLL,FOR-B,ANL-03,PH-02,7.6,1.027,0.706,1,0,1,0,4,3.0,Risco 1,7.6,1.032,0.0,-0.0050000000000001155,,,,,,,,,,,,,,,,,Reprovado,,,,Reprovado no Teste Inicial,False,False
AMA-2506-294,2025-06-14,Amaciante de Roupas (esterquat),AMA,FOR-A,ANL-01,PH-01,3.43,0.992,0.751,1,0,1,0,0,0.0,Risco 1,3.2,0.996,0.22999999999999998,-0.0040000000000000036,-0.03000000000000025,0.0040000000000000036,0.44,0.0,0.034,0.16,0.003,0.585,0.994,0.998,0.994,0.999,3.34,3.36,3.42,3.36,Aprovado,Aprovado,Aprovado,Conforme,Aprovado aos 90 dias,True,True
LMU-2506-295,2025-06-15,Limpador Multiuso Alcalino,LMU,FOR-A,ANL-03,PH-01,9.99,1.02,0.488,2,0,1,2,1,0.0,Risco 1,10.2,1.01,-0.20999999999999908,0.010000000000000009,-0.13000000000000078,0.0,0.383,4.0,,,,,,,,,,,,,Aprovado,Reprovado,,,Reprovado na Estabilidade Preliminar,False,False
DLL-2506-296,2025-06-17,Detergente Liquido Lava-Loucas,DLL,FOR-A,ANL-03,PH-01,7.36,1.028,1.206,1,1,1,2,1,1.0,Risco 1,7.6,1.032,-0.23999999999999932,-0.0040000000000000036,-0.03000000000000025,-0.0020000000000000018,0.239,2.0,,,,,,,,,,,,,Aprovado,Reprovado,,,Reprovado na Estabilidade Preliminar,False,False
DLR-2506-297,2025-06-21,Detergente Liquido para Roupas,DLR,FOR-C,ANL-03,PH-02,9.35,1.025,0.482,1,0,1,1,1,1.0,Risco 1,9.6,1.022,-0.25,0.0029999999999998916,-0.15000000000000036,-0.0009999999999998899,0.389,1.0,0.03,0.142,0.003,0.69,1.025,1.023,1.023,1.023,9.2,9.17,9.22,9.2,Aprovado,Aprovado,Aprovado,Conforme,Aprovado aos 90 dias,True,True
DLR-2506-298,2025-06-25,Detergente Liquido para Roupas,DLR,FOR-C,ANL-02,PH-01,9.62,1.027,0.642,1,0,1,0,1,1.0,Risco 1,9.6,1.022,0.019999999999999574,0.004999999999999893,-0.049999999999998934,0.001000000000000112,0.391,1.0,0.03,0.143,0.003,0.693,1.026,1.031,1.029,1.03,9.52,9.56,9.61,9.56,Aprovado,Aprovado,Aprovado,Nao conforme,Aprovado aos 90 dias,True,True
DLL-2506-299,2025-06-27,Detergente Liquido Lava-Loucas,DLL,FOR-C,ANL-01,PH-02,7.7,1.035,1.026,2,1,1,3,0,1.0,Risco 1,7.6,1.032,0.10000000000000053,0.0029999999999998916,,,,,,,,,,,,,,,,,Reprovado,,,,Reprovado no Teste Inicial,False,False
LMU-2506-300,2025-06-28,Limpador Multiuso Alcalino,LMU,FOR-B,ANL-01,PH-02,10.45,1.011,0.534,0,0,1,0,1,0.0,Risco 1,10.2,1.01,0.25,0.0009999999999998899,-0.05999999999999872,0.001000000000000112,0.389,0.0,0.03,0.142,0.003,0.654,1.013,1.01,1.012,1.009,10.41,10.36,10.38,10.38,Aprovado,Aprovado,Aprovado,Conforme,Aprovado aos 90 dias,True,True
