lote,data_inicio_teste,produto_familia,produto_sigla,fornecedor_tensoativo,status_estagio1,causa_reprovacao_estagio1,status_estagio2,causa_reprovacao_estagio2,status_estagio3_90d,causa_reprovacao_estagio3,fotoestabilidade_90d,estagio_final,sobreviveu_90d
LMU-2401-001,2024-01-11,Limpador Multiuso Alcalino,LMU,FOR-C,Aprovado,,Aprovado,,Aprovado,,Conforme,Aprovado aos 90 dias,True
DES-2401-002,2024-01-18,Desinfetante Quaternario Concentrado,DES,FOR-B,Reprovado,falha em centrifugacao,,,,,,Reprovado no Teste Inicial,False
ALV-2401-003,2024-01-19,Alvejante Liquido sem Cloro,ALV,FOR-A,Aprovado,,Aprovado,,Reprovado,pH fora de faixa,Conforme,Reprovado na Estabilidade Acelerada,False
DLL-2401-004,2024-01-20,Detergente Liquido Lava-Loucas,DLL,FOR-A,Aprovado,,Aprovado,,Reprovado,densidade fora de faixa,Conforme,Reprovado na Estabilidade Acelerada,False
AMA-2401-005,2024-01-20,Amaciante de Roupas (esterquat),AMA,FOR-C,Aprovado,,Aprovado,,Reprovado,pH fora de faixa,Conforme,Reprovado na Estabilidade Acelerada,False
ALV-2401-006,2024-01-24,Alvejante Liquido sem Cloro,ALV,FOR-B,Reprovado,falha em estufa 50C,,,,,,Reprovado no Teste Inicial,False
AMA-2401-007,2024-01-26,Amaciante de Roupas (esterquat),AMA,FOR-C,Aprovado,,Aprovado,,Aprovado,,Conforme,Aprovado aos 90 dias,True
DLR-2401-008,2024-01-28,Detergente Liquido para Roupas,DLR,FOR-C,Aprovado,,Aprovado,,Aprovado,,Conforme,Aprovado aos 90 dias,True
DLL-2401-009,2024-01-30,Detergente Liquido Lava-Loucas,DLL,FOR-B,Aprovado,,Aprovado,,Aprovado,,Conforme,Aprovado aos 90 dias,True
DLR-2401-010,2024-01-31,Detergente Liquido para Roupas,DLR,FOR-B,Aprovado,,Aprovado,,Aprovado,,Conforme,Aprovado aos 90 dias,True
DES-2402-011,2024-02-08,Desinfetante Quaternario Concentrado,DES,FOR-B,Aprovado,,Reprovado,odor alterado,,,,Reprovado na Estabilidade Preliminar,False
DLR-2402-012,2024-02-11,Detergente Liquido para Roupas,DLR,FOR-B,Aprovado,,Aprovado,,Aprovado,,Conforme,Aprovado aos 90 dias,True
AMA-2402-013,2024-02-12,Amaciante de Roupas (esterquat),AMA,FOR-B,Reprovado,densidade fora de faixa,,,,,,Reprovado no Teste Inicial,False
DLR-2402-014,2024-02-13,Detergente Liquido para Roupas,DLR,FOR-C,Aprovado,,Aprovado,,Aprovado,,Conforme,Aprovado aos 90 dias,True
ALV-2402-015,2024-02-18,Alvejante Liquido sem Cloro,ALV,FOR-C,Aprovado,,Aprovado,,Reprovado,pH fora de faixa,Conforme,Reprovado na Estabilidade Acelerada,False
DES-2402-016,2024-02-19,Desinfetante Quaternario Concentrado,DES,FOR-A,Aprovado,,Aprovado,,Reprovado,aspecto nao conforme,Nao conforme,Reprovado na Estabilidade Acelerada,False
LMU-2402-017,2024-02-19,Limpador Multiuso Alcalino,LMU,FOR-B,Aprovado,,Aprovado,,Aprovado,,Conforme,Aprovado aos 90 dias,True
LMU-2402-018,2024-02-21,Limpador Multiuso Alcalino,LMU,FOR-A,Aprovado,,Aprovado,,Aprovado,,Conforme,Aprovado aos 90 dias,True
DLL-2402-019,2024-02-22,Detergente Liquido Lava-Loucas,DLL,FOR-A,Aprovado,,Aprovado,,Aprovado,,Conforme,Aprovado aos 90 dias,True
DLL-2402-020,2024-02-23,Detergente Liquido Lava-Loucas,DLL,FOR-C,Aprovado,,Aprovado,,Aprovado,,Conforme,Aprovado aos 90 dias,True
AMA-2402-021,2024-02-24,Amaciante de Roupas (esterquat),AMA,FOR-B,Reprovado,aspecto nao conforme; falha em estufa 50C,,,,,,Reprovado no Teste Inicial,False
DES-2402-022,2024-02-25,Desinfetante Quaternario Concentrado,DES,FOR-C,Aprovado,,Aprovado,,Aprovado,,Conforme,Aprovado aos 90 dias,True
DLL-2402-023,2024-02-25,Detergente Liquido Lava-Loucas,DLL,FOR-C,Aprovado,,Aprovado,,Aprovado,,Conforme,Aprovado aos 90 dias,True
LMU-2402-024,2024-02-25,Limpador Multiuso Alcalino,LMU,FOR-A,Aprovado,,Aprovado,,Reprovado,aspecto nao conforme,Nao conforme,Reprovado na Estabilidade Acelerada,False
DES-2402-025,2024-02-26,Desinfetante Quaternario Concentrado,DES,FOR-C,Aprovado,,Aprovado,,Aprovado,,Conforme,Aprovado aos 90 dias,True
AMA-2402-026,2024-02-27,Amaciante de Roupas (esterquat),AMA,FOR-A,Aprovado,,Reprovado,aspecto nao conforme,,,,Reprovado na Estabilidade Preliminar,False
DLL-2402-027,2024-02-28,Detergente Liquido Lava-Loucas,DLL,FOR-C,Aprovado,,Aprovado,,Aprovado,,Conforme,Aprovado aos 90 dias,True
DES-2402-028,2024-02-29,Desinfetante Quaternario Concentrado,DES,FOR-B,Aprovado,,Aprovado,,Reprovado,aspecto nao conforme,Nao conforme,Reprovado na Estabilidade Acelerada,False
AMA-2402-029,2024-02-29,Amaciante de Roupas (esterquat),AMA,FOR-B,Aprovado,,Reprovado,aspecto nao conforme,,,,Reprovado na Estabilidade Preliminar,False
AMA-2403-030,2024-03-03,Amaciante de Roupas (esterquat),AMA,FOR-C,Aprovado,,Aprovado,,Aprovado,,Conforme,Aprovado aos 90 dias,True
DES-2403-031,2024-03-05,Desinfetante Quaternario Concentrado,DES,FOR-C,Aprovado,,Aprovado,,Aprovado,,Conforme,Aprovado aos 90 dias,True
DES-2403-032,2024-03-09,Desinfetante Quaternario Concentrado,DES,FOR-C,Reprovado,falha em centrifugacao,,,,,,Reprovado no Teste Inicial,False
AMA-2403-033,2024-03-11,Amaciante de Roupas (esterquat),AMA,FOR-B,Reprovado,densidade fora de faixa; falha em estufa 50C; falha em agitacao magnetica,,,,,,Reprovado no Teste Inicial,False
ALV-2403-034,2024-03-16,Alvejante Liquido sem Cloro,ALV,FOR-B,Aprovado,,Aprovado,,Reprovado,pH fora de faixa,Conforme,Reprovado na Estabilidade Acelerada,False
DES-2403-035,2024-03-16,Desinfetante Quaternario Concentrado,DES,FOR-A,Aprovado,,Aprovado,,Aprovado,,Conforme,Aprovado aos 90 dias,True
DLR-2403-036,2024-03-17,Detergente Liquido para Roupas,DLR,FOR-C,Aprovado,,Aprovado,,Aprovado,,Conforme,Aprovado aos 90 dias,True
DLR-2403-037,2024-03-18,Detergente Liquido para Roupas,DLR,FOR-C,Aprovado,,Reprovado,aspecto nao conforme,,,,Reprovado na Estabilidade Preliminar,False
ALV-2403-038,2024-03-23,Alvejante Liquido sem Cloro,ALV,FOR-C,Aprovado,,Aprovado,,Reprovado,pH fora de faixa,Conforme,Reprovado na Estabilidade Acelerada,False
DLR-2403-039,2024-03-23,Detergente Liquido para Roupas,DLR,FOR-A,Aprovado,,Aprovado,,Aprovado,,Conforme,Aprovado aos 90 dias,True
LMU-2403-040,2024-03-23,Limpador Multiuso Alcalino,LMU,FOR-B,Aprovado,,Aprovado,,Reprovado,aspecto nao conforme; odor alterado,Nao conforme,Reprovado na Estabilidade Acelerada,False
DLL-2403-041,2024-03-26,Detergente Liquido Lava-Loucas,DLL,FOR-B,Aprovado,,Aprovado,,Aprovado,,Conforme,Aprovado aos 90 dias,True
DLR-2403-042,2024-03-29,Detergente Liquido para Roupas,DLR,FOR-B,Aprovado,,Aprovado,,Reprovado,aspecto nao conforme,Nao conforme,Reprovado na Estabilidade Acelerada,False
DLL-2403-043,2024-03-30,Detergente Liquido Lava-Loucas,DLL,FOR-B,Aprovado,,Aprovado,,Aprovado,,Conforme,Aprovado aos 90 dias,True
DES-2403-044,2024-03-31,Desinfetante Quaternario Concentrado,DES,FOR-B,Aprovado,,Aprovado,,Reprovado,aspecto nao conforme,Nao conforme,Reprovado na Estabilidade Acelerada,False
DLR-2404-045,2024-04-03,Detergente Liquido para Roupas,DLR,FOR-A,Aprovado,,Aprovado,,Aprovado,,Conforme,Aprovado aos 90 dias,True
DLR-2404-046,2024-04-03,Detergente Liquido para Roupas,DLR,FOR-A,Aprovado,,Aprovado,,Aprovado,,Conforme,Aprovado aos 90 dias,True
DLL-2404-047,2024-04-04,Detergente Liquido Lava-Loucas,DLL,FOR-B,Aprovado,,Aprovado,,Reprovado,aspecto nao conforme; odor alterado,Nao conforme,Reprovado na Estabilidade Acelerada,False
AMA-2404-048,2024-04-06,Amaciante de Roupas (esterquat),AMA,FOR-C,Aprovado,,Aprovado,,Aprovado,,Conforme,Aprovado aos 90 dias,True
DLL-2404-049,2024-04-06,Detergente Liquido Lava-Loucas,DLL,FOR-C,Aprovado,,Aprovado,,Aprovado,,Conforme,Aprovado aos 90 dias,True
ALV-2404-050,2024-04-07,Alvejante Liquido sem Cloro,ALV,FOR-B,Reprovado,aspecto nao conforme; falha em centrifugacao,,,,,,Reprovado no Teste Inicial,False
DLR-2404-051,2024-04-09,Detergente Liquido para Roupas,DLR,FOR-B,Aprovado,,Aprovado,,Aprovado,,Conforme,Aprovado aos 90 dias,True
ALV-2404-052,2024-04-11,Alvejante Liquido sem Cloro,ALV,FOR-C,Aprovado,,Reprovado,aspecto nao conforme,,,,Reprovado na Estabilidade Preliminar,False
LMU-2404-053,2024-04-12,Limpador Multiuso Alcalino,LMU,FOR-C,Aprovado,,Aprovado,,Aprovado,,Conforme,Aprovado aos 90 dias,True
DLL-2404-054,2024-04-13,Detergente Liquido Lava-Loucas,DLL,FOR-C,Aprovado,,Aprovado,,Reprovado,aspecto nao conforme,Conforme,Reprovado na Estabilidade Acelerada,False
DLL-2404-055,2024-04-15,Detergente Liquido Lava-Loucas,DLL,FOR-A,Aprovado,,Aprovado,,Reprovado,aspecto nao conforme,Conforme,Reprovado na Estabilidade Acelerada,False
LMU-2404-056,2024-04-18,Limpador Multiuso Alcalino,LMU,FOR-B,Aprovado,,Aprovado,,Reprovado,pH fora de faixa,Conforme,Reprovado na Estabilidade Acelerada,False
DLL-2404-057,2024-04-19,Detergente Liquido Lava-Loucas,DLL,FOR-A,Aprovado,,Aprovado,,Aprovado,,Conforme,Aprovado aos 90 dias,True
LMU-2404-058,2024-04-22,Limpador Multiuso Alcalino,LMU,FOR-B,Aprovado,,Reprovado,pH fora de faixa,,,,Reprovado na Estabilidade Preliminar,False
AMA-2404-059,2024-04-24,Amaciante de Roupas (esterquat),AMA,FOR-B,Aprovado,,Aprovado,,Aprovado,,Conforme,Aprovado aos 90 dias,True
LMU-2404-060,2024-04-25,Limpador Multiuso Alcalino,LMU,FOR-A,Aprovado,,Aprovado,,Reprovado,aspecto nao conforme; pH fora de faixa,Conforme,Reprovado na Estabilidade Acelerada,False
DLR-2404-061,2024-04-26,Detergente Liquido para Roupas,DLR,FOR-C,Aprovado,,Aprovado,,Aprovado,,Conforme,Aprovado aos 90 dias,True
LMU-2405-062,2024-05-02,Limpador Multiuso Alcalino,LMU,FOR-B,Aprovado,,Reprovado,aspecto nao conforme,,,,Reprovado na Estabilidade Preliminar,False
AMA-2405-063,2024-05-09,Amaciante de Roupas (esterquat),AMA,FOR-A,Aprovado,,Aprovado,,Reprovado,pH fora de faixa,Conforme,Reprovado na Estabilidade Acelerada,False
DLR-2405-064,2024-05-09,Detergente Liquido para Roupas,DLR,FOR-C,Aprovado,,Aprovado,,Aprovado,,Conforme,Aprovado aos 90 dias,True
DES-2405-065,2024-05-13,Desinfetante Quaternario Concentrado,DES,FOR-C,Aprovado,,Aprovado,,Reprovado,aspecto nao conforme,Conforme,Reprovado na Estabilidade Acelerada,False
DLR-2405-066,2024-05-15,Detergente Liquido para Roupas,DLR,FOR-A,Aprovado,,Aprovado,,Aprovado,,Conforme,Aprovado aos 90 dias,True
DLL-2405-067,2024-05-16,Detergente Liquido Lava-Loucas,DLL,FOR-A,Reprovado,aspecto nao conforme; falha em estufa 50C; falha em centrifugacao,,,,,,Reprovado no Teste Inicial,False
DES-2405-068,2024-05-19,Desinfetante Quaternario Concentrado,DES,FOR-B,Reprovado,falha em estufa 50C; falha em centrifugacao,,,,,,Reprovado no Teste Inicial,False
ALV-2405-069,2024-05-28,Alvejante Liquido sem Cloro,ALV,FOR-A,Aprovado,,Aprovado,,Aprovado,,Conforme,Aprovado aos 90 dias,True
LMU-2405-070,2024-05-29,Limpador Multiuso Alcalino,LMU,FOR-A,Aprovado,,Aprovado,,Aprovado,,Conforme,Aprovado aos 90 dias,True
AMA-2405-071,2024-05-30,Amaciante de Roupas (esterquat),AMA,FOR-B,Reprovado,pH fora de faixa,,,,,,Reprovado no Teste Inicial,False
LMU-2405-072,2024-05-31,Limpador Multiuso Alcalino,LMU,FOR-B,Aprovado,,Aprovado,,Reprovado,aspecto nao conforme,Nao conforme,Reprovado na Estabilidade Acelerada,False
ALV-2406-073,2024-06-03,Alvejante Liquido sem Cloro,ALV,FOR-C,Reprovado,odor alterado; falha em estufa 50C; falha em centrifugacao; falha em agitacao magnetica,,,,,,Reprovado no Teste Inicial,False
DES-2406-074,2024-06-04,Desinfetante Quaternario Concentrado,DES,FOR-B,Aprovado,,Aprovado,,Reprovado,aspecto nao conforme,Conforme,Reprovado na Estabilidade Acelerada,False
LMU-2406-075,2024-06-05,Limpador Multiuso Alcalino,LMU,FOR-A,Reprovado,falha em centrifugacao; falha em agitacao magnetica,,,,,,Reprovado no Teste Inicial,False
DLR-2406-076,2024-06-05,Detergente Liquido para Roupas,DLR,FOR-C,Reprovado,falha em centrifugacao,,,,,,Reprovado no Teste Inicial,False
DLL-2406-077,2024-06-05,Detergente Liquido Lava-Loucas,DLL,FOR-C,Reprovado,odor alterado; aspecto nao conforme; falha em estufa 50C; falha em centrifugacao; falha em agitacao magnetica,,,,,,Reprovado no Teste Inicial,False
LMU-2406-078,2024-06-07,Limpador Multiuso Alcalino,LMU,FOR-C,Aprovado,,Aprovado,,Aprovado,,Conforme,Aprovado aos 90 dias,True
DLL-2406-079,2024-06-09,Detergente Liquido Lava-Loucas,DLL,FOR-B,Aprovado,,Aprovado,,Aprovado,,Conforme,Aprovado aos 90 dias,True
LMU-2406-080,2024-06-11,Limpador Multiuso Alcalino,LMU,FOR-A,Aprovado,,Aprovado,,Aprovado,,Conforme,Aprovado aos 90 dias,True
DLL-2406-081,2024-06-14,Detergente Liquido Lava-Loucas,DLL,FOR-C,Aprovado,,Aprovado,,Aprovado,,Conforme,Aprovado aos 90 dias,True
DLR-2406-082,2024-06-15,Detergente Liquido para Roupas,DLR,FOR-B,Aprovado,,Aprovado,,Reprovado,aspecto nao conforme,Conforme,Reprovado na Estabilidade Acelerada,False
AMA-2406-083,2024-06-17,Amaciante de Roupas (esterquat),AMA,FOR-C,Reprovado,densidade fora de faixa,,,,,,Reprovado no Teste Inicial,False
AMA-2406-084,2024-06-18,Amaciante de Roupas (esterquat),AMA,FOR-A,Aprovado,,Aprovado,,Reprovado,densidade fora de faixa,Conforme,Reprovado na Estabilidade Acelerada,False
LMU-2406-085,2024-06-20,Limpador Multiuso Alcalino,LMU,FOR-C,Reprovado,falha em centrifugacao,,,,,,Reprovado no Teste Inicial,False
LMU-2406-086,2024-06-21,Limpador Multiuso Alcalino,LMU,FOR-B,Aprovado,,Aprovado,,Reprovado,odor alterado,Conforme,Reprovado na Estabilidade Acelerada,False
DLR-2406-087,2024-06-22,Detergente Liquido para Roupas,DLR,FOR-A,Aprovado,,Aprovado,,Aprovado,,Conforme,Aprovado aos 90 dias,True
DLR-2406-088,2024-06-24,Detergente Liquido para Roupas,DLR,FOR-A,Aprovado,,Aprovado,,Aprovado,,Conforme,Aprovado aos 90 dias,True
AMA-2406-089,2024-06-29,Amaciante de Roupas (esterquat),AMA,FOR-B,Aprovado,,Reprovado,odor alterado,,,,Reprovado na Estabilidade Preliminar,False
DLR-2407-090,2024-07-01,Detergente Liquido para Roupas,DLR,FOR-C,Aprovado,,Aprovado,,Aprovado,,Conforme,Aprovado aos 90 dias,True
AMA-2407-091,2024-07-04,Amaciante de Roupas (esterquat),AMA,FOR-A,Aprovado,,Aprovado,,Aprovado,,Conforme,Aprovado aos 90 dias,True
DLR-2407-092,2024-07-04,Detergente Liquido para Roupas,DLR,FOR-A,Aprovado,,Aprovado,,Reprovado,aspecto nao conforme; odor alterado,Nao conforme,Reprovado na Estabilidade Acelerada,False
ALV-2407-093,2024-07-05,Alvejante Liquido sem Cloro,ALV,FOR-A,Reprovado,pH fora de faixa,,,,,,Reprovado no Teste Inicial,False
AMA-2407-094,2024-07-06,Amaciante de Roupas (esterquat),AMA,FOR-C,Aprovado,,Aprovado,,Aprovado,,Conforme,Aprovado aos 90 dias,True
DES-2407-095,2024-07-09,Desinfetante Quaternario Concentrado,DES,FOR-A,Reprovado,densidade fora de faixa,,,,,,Reprovado no Teste Inicial,False
DLR-2407-096,2024-07-10,Detergente Liquido para Roupas,DLR,FOR-B,Aprovado,,Aprovado,,Aprovado,,Conforme,Aprovado aos 90 dias,True
AMA-2407-097,2024-07-13,Amaciante de Roupas (esterquat),AMA,FOR-A,Aprovado,,Reprovado,aspecto nao conforme,,,,Reprovado na Estabilidade Preliminar,False
DLR-2407-098,2024-07-13,Detergente Liquido para Roupas,DLR,FOR-A,Aprovado,,Aprovado,,Aprovado,,Conforme,Aprovado aos 90 dias,True
ALV-2407-099,2024-07-17,Alvejante Liquido sem Cloro,ALV,FOR-C,Aprovado,,Aprovado,,Reprovado,densidade fora de faixa,Conforme,Reprovado na Estabilidade Acelerada,False
AMA-2407-100,2024-07-21,Amaciante de Roupas (esterquat),AMA,FOR-A,Aprovado,,Aprovado,,Reprovado,aspecto nao conforme,Nao conforme,Reprovado na Estabilidade Acelerada,False
AMA-2407-101,2024-07-22,Amaciante de Roupas (esterquat),AMA,FOR-A,Aprovado,,Aprovado,,Reprovado,pH fora de faixa,Conforme,Reprovado na Estabilidade Acelerada,False
ALV-2407-102,2024-07-23,Alvejante Liquido sem Cloro,ALV,FOR-A,Reprovado,odor alterado,,,,,,Reprovado no Teste Inicial,False
DLR-2407-103,2024-07-23,Detergente Liquido para Roupas,DLR,FOR-A,Aprovado,,Reprovado,odor alterado,,,,Reprovado na Estabilidade Preliminar,False
DLL-2407-104,2024-07-26,Detergente Liquido Lava-Loucas,DLL,FOR-C,Aprovado,,Aprovado,,Aprovado,,Conforme,Aprovado aos 90 dias,True
DLR-2407-105,2024-07-26,Detergente Liquido para Roupas,DLR,FOR-C,Aprovado,,Aprovado,,Aprovado,,Conforme,Aprovado aos 90 dias,True
AMA-2407-106,2024-07-31,Amaciante de Roupas (esterquat),AMA,FOR-A,Aprovado,,Aprovado,,Reprovado,densidade fora de faixa,Conforme,Reprovado na Estabilidade Acelerada,False
AMA-2408-107,2024-08-04,Amaciante de Roupas (esterquat),AMA,FOR-C,Aprovado,,Aprovado,,Reprovado,pH fora de faixa,Conforme,Reprovado na Estabilidade Acelerada,False
ALV-2408-108,2024-08-12,Alvejante Liquido sem Cloro,ALV,FOR-C,Aprovado,,Aprovado,,Reprovado,pH fora de faixa,Conforme,Reprovado na Estabilidade Acelerada,False
ALV-2408-109,2024-08-14,Alvejante Liquido sem Cloro,ALV,FOR-A,Aprovado,,Aprovado,,Reprovado,pH fora de faixa,Conforme,Reprovado na Estabilidade Acelerada,False
AMA-2408-110,2024-08-15,Amaciante de Roupas (esterquat),AMA,FOR-C,Aprovado,,Reprovado,aspecto nao conforme,,,,Reprovado na Estabilidade Preliminar,False
ALV-2408-111,2024-08-15,Alvejante Liquido sem Cloro,ALV,FOR-A,Aprovado,,Aprovado,,Reprovado,pH fora de faixa,Conforme,Reprovado na Estabilidade Acelerada,False
LMU-2408-112,2024-08-16,Limpador Multiuso Alcalino,LMU,FOR-A,Aprovado,,Aprovado,,Aprovado,,Conforme,Aprovado aos 90 dias,True
DLR-2408-113,2024-08-19,Detergente Liquido para Roupas,DLR,FOR-A,Aprovado,,Reprovado,aspecto nao conforme,,,,Reprovado na Estabilidade Preliminar,False
LMU-2408-114,2024-08-20,Limpador Multiuso Alcalino,LMU,FOR-C,Aprovado,,Reprovado,aspecto nao conforme,,,,Reprovado na Estabilidade Preliminar,False
DLR-2408-115,2024-08-20,Detergente Liquido para Roupas,DLR,FOR-B,Reprovado,pH fora de faixa,,,,,,Reprovado no Teste Inicial,False
LMU-2408-116,2024-08-28,Limpador Multiuso Alcalino,LMU,FOR-A,Reprovado,falha em estufa 50C; falha em centrifugacao,,,,,,Reprovado no Teste Inicial,False
DES-2408-117,2024-08-28,Desinfetante Quaternario Concentrado,DES,FOR-C,Reprovado,densidade fora de faixa,,,,,,Reprovado no Teste Inicial,False
DLL-2408-118,2024-08-29,Detergente Liquido Lava-Loucas,DLL,FOR-B,Aprovado,,Aprovado,,Reprovado,aspecto nao conforme,Conforme,Reprovado na Estabilidade Acelerada,False
ALV-2408-119,2024-08-30,Alvejante Liquido sem Cloro,ALV,FOR-C,Aprovado,,Aprovado,,Aprovado,,Conforme,Aprovado aos 90 dias,True
ALV-2408-120,2024-08-30,Alvejante Liquido sem Cloro,ALV,FOR-B,Aprovado,,Aprovado,,Aprovado,,Conforme,Aprovado aos 90 dias,True
DES-2408-121,2024-08-31,Desinfetante Quaternario Concentrado,DES,FOR-A,Aprovado,,Aprovado,,Aprovado,,Conforme,Aprovado aos 90 dias,True
DES-2408-122,2024-08-31,Desinfetante Quaternario Concentrado,DES,FOR-A,Aprovado,,Aprovado,,Aprovado,,Conforme,Aprovado aos 90 dias,True
LMU-2409-123,2024-09-01,Limpador Multiuso Alcalino,LMU,FOR-C,Aprovado,,Aprovado,,Aprovado,,Conforme,Aprovado aos 90 dias,True
ALV-2409-124,2024-09-01,Alvejante Liquido sem Cloro,ALV,FOR-C,Aprovado,,Aprovado,,Reprovado,densidade fora de faixa,Conforme,Reprovado na Estabilidade Acelerada,False
AMA-2409-125,2024-09-02,Amaciante de Roupas (esterquat),AMA,FOR-A,Aprovado,,Aprovado,,Aprovado,,Conforme,Aprovado aos 90 dias,True
ALV-2409-126,2024-09-03,Alvejante Liquido sem Cloro,ALV,FOR-B,Aprovado,,Aprovado,,Reprovado,pH fora de faixa,Conforme,Reprovado na Estabilidade Acelerada,False
LMU-2409-127,2024-09-04,Limpador Multiuso Alcalino,LMU,FOR-B,Aprovado,,Aprovado,,Reprovado,aspecto nao conforme; pH fora de faixa,Conforme,Reprovado na Estabilidade Acelerada,False
AMA-2409-128,2024-09-04,Amaciante de Roupas (esterquat),AMA,FOR-B,Aprovado,,Reprovado,aspecto nao conforme,,,,Reprovado na Estabilidade Preliminar,False
AMA-2409-129,2024-09-05,Amaciante de Roupas (esterquat),AMA,FOR-C,Aprovado,,Reprovado,aspecto nao conforme,,,,Reprovado na Estabilidade Preliminar,False
ALV-2409-130,2024-09-05,Alvejante Liquido sem Cloro,ALV,FOR-C,Aprovado,,Aprovado,,Aprovado,,Conforme,Aprovado aos 90 dias,True
LMU-2409-131,2024-09-06,Limpador Multiuso Alcalino,LMU,FOR-A,Reprovado,falha em estufa 50C; falha em centrifugacao,,,,,,Reprovado no Teste Inicial,False
LMU-2409-132,2024-09-07,Limpador Multiuso Alcalino,LMU,FOR-C,Aprovado,,Aprovado,,Aprovado,,Conforme,Aprovado aos 90 dias,True
DES-2409-133,2024-09-07,Desinfetante Quaternario Concentrado,DES,FOR-B,Reprovado,falha em estufa 50C; falha em centrifugacao,,,,,,Reprovado no Teste Inicial,False
ALV-2409-134,2024-09-10,Alvejante Liquido sem Cloro,ALV,FOR-C,Aprovado,,Aprovado,,Aprovado,,Conforme,Aprovado aos 90 dias,True
LMU-2409-135,2024-09-11,Limpador Multiuso Alcalino,LMU,FOR-A,Aprovado,,Aprovado,,Aprovado,,Conforme,Aprovado aos 90 dias,True
AMA-2409-136,2024-09-11,Amaciante de Roupas (esterquat),AMA,FOR-B,Reprovado,densidade fora de faixa; aspecto nao conforme; falha em centrifugacao; falha em agitacao magnetica,,,,,,Reprovado no Teste Inicial,False
ALV-2409-137,2024-09-13,Alvejante Liquido sem Cloro,ALV,FOR-C,Reprovado,odor alterado; falha em agitacao magnetica,,,,,,Reprovado no Teste Inicial,False
DLL-2409-138,2024-09-13,Detergente Liquido Lava-Loucas,DLL,FOR-C,Reprovado,falha em centrifugacao; falha em agitacao magnetica,,,,,,Reprovado no Teste Inicial,False
LMU-2409-139,2024-09-14,Limpador Multiuso Alcalino,LMU,FOR-C,Aprovado,,Aprovado,,Aprovado,,Conforme,Aprovado aos 90 dias,True
ALV-2409-140,2024-09-16,Alvejante Liquido sem Cloro,ALV,FOR-C,Aprovado,,Aprovado,,Reprovado,pH fora de faixa,Conforme,Reprovado na Estabilidade Acelerada,False
LMU-2409-141,2024-09-16,Limpador Multiuso Alcalino,LMU,FOR-A,Aprovado,,Aprovado,,Aprovado,,Conforme,Aprovado aos 90 dias,True
DES-2409-142,2024-09-17,Desinfetante Quaternario Concentrado,DES,FOR-B,Aprovado,,Aprovado,,Aprovado,,Conforme,Aprovado aos 90 dias,True
DLR-2409-143,2024-09-18,Detergente Liquido para Roupas,DLR,FOR-A,Reprovado,pH fora de faixa,,,,,,Reprovado no Teste Inicial,False
DLR-2409-144,2024-09-18,Detergente Liquido para Roupas,DLR,FOR-C,Aprovado,,Aprovado,,Aprovado,,Conforme,Aprovado aos 90 dias,True
DES-2409-145,2024-09-19,Desinfetante Quaternario Concentrado,DES,FOR-C,Aprovado,,Aprovado,,Aprovado,,Conforme,Aprovado aos 90 dias,True
DES-2409-146,2024-09-20,Desinfetante Quaternario Concentrado,DES,FOR-B,Reprovado,aspecto nao conforme; falha em estufa 50C; falha em centrifugacao,,,,,,Reprovado no Teste Inicial,False
DES-2409-147,2024-09-24,Desinfetante Quaternario Concentrado,DES,FOR-B,Reprovado,aspecto nao conforme; falha em estufa 50C; falha em centrifugacao,,,,,,Reprovado no Teste Inicial,False
ALV-2409-148,2024-09-26,Alvejante Liquido sem Cloro,ALV,FOR-C,Aprovado,,Aprovado,,Aprovado,,Conforme,Aprovado aos 90 dias,True
ALV-2409-149,2024-09-28,Alvejante Liquido sem Cloro,ALV,FOR-B,Aprovado,,Aprovado,,Reprovado,pH fora de faixa,Conforme,Reprovado na Estabilidade Acelerada,False
AMA-2409-150,2024-09-30,Amaciante de Roupas (esterquat),AMA,FOR-A,Aprovado,,Aprovado,,Reprovado,pH fora de faixa,Conforme,Reprovado na Estabilidade Acelerada,False
ALV-2409-151,2024-09-30,Alvejante Liquido sem Cloro,ALV,FOR-C,Aprovado,,Aprovado,,Reprovado,aspecto nao conforme; pH fora de faixa,Nao conforme,Reprovado na Estabilidade Acelerada,False
AMA-2410-152,2024-10-01,Amaciante de Roupas (esterquat),AMA,FOR-B,Aprovado,,Aprovado,,Reprovado,odor alterado,Conforme,Reprovado na Estabilidade Acelerada,False
DLL-2410-153,2024-10-01,Detergente Liquido Lava-Loucas,DLL,FOR-B,Reprovado,aspecto nao conforme; falha em estufa 50C; falha em centrifugacao; falha em agitacao magnetica,,,,,,Reprovado no Teste Inicial,False
DES-2410-154,2024-10-02,Desinfetante Quaternario Concentrado,DES,FOR-C,Aprovado,,Aprovado,,Aprovado,,Conforme,Aprovado aos 90 dias,True
DLR-2410-155,2024-10-02,Detergente Liquido para Roupas,DLR,FOR-C,Aprovado,,Aprovado,,Aprovado,,Conforme,Aprovado aos 90 dias,True
LMU-2410-156,2024-10-04,Limpador Multiuso Alcalino,LMU,FOR-B,Aprovado,,Aprovado,,Reprovado,odor alterado,Conforme,Reprovado na Estabilidade Acelerada,False
DES-2410-157,2024-10-04,Desinfetante Quaternario Concentrado,DES,FOR-A,Reprovado,odor alterado,,,,,,Reprovado no Teste Inicial,False
ALV-2410-158,2024-10-06,Alvejante Liquido sem Cloro,ALV,FOR-A,Aprovado,,Aprovado,,Reprovado,aspecto nao conforme; densidade fora de faixa,Conforme,Reprovado na Estabilidade Acelerada,False
DES-2410-159,2024-10-07,Desinfetante Quaternario Concentrado,DES,FOR-C,Reprovado,cor fora de tolerancia,,,,,,Reprovado no Teste Inicial,False
DLL-2410-160,2024-10-11,Detergente Liquido Lava-Loucas,DLL,FOR-A,Reprovado,aspecto nao conforme; falha em estufa 50C; falha em centrifugacao; falha em agitacao magnetica,,,,,,Reprovado no Teste Inicial,False
DES-2410-161,2024-10-15,Desinfetante Quaternario Concentrado,DES,FOR-B,Aprovado,,Aprovado,,Reprovado,aspecto nao conforme,Conforme,Reprovado na Estabilidade Acelerada,False
DES-2410-162,2024-10-18,Desinfetante Quaternario Concentrado,DES,FOR-B,Aprovado,,Aprovado,,Aprovado,,Conforme,Aprovado aos 90 dias,True
AMA-2410-163,2024-10-26,Amaciante de Roupas (esterquat),AMA,FOR-C,Reprovado,cor fora de tolerancia,,,,,,Reprovado no Teste Inicial,False
ALV-2410-164,2024-10-28,Alvejante Liquido sem Cloro,ALV,FOR-B,Aprovado,,Aprovado,,Aprovado,,Conforme,Aprovado aos 90 dias,True
DES-2410-165,2024-10-28,Desinfetante Quaternario Concentrado,DES,FOR-C,Aprovado,,Aprovado,,Aprovado,,Conforme,Aprovado aos 90 dias,True
DES-2410-166,2024-10-29,Desinfetante Quaternario Concentrado,DES,FOR-C,Aprovado,,Aprovado,,Aprovado,,Conforme,Aprovado aos 90 dias,True
DES-2410-167,2024-10-29,Desinfetante Quaternario Concentrado,DES,FOR-C,Reprovado,densidade fora de faixa,,,,,,Reprovado no Teste Inicial,False
ALV-2411-168,2024-11-01,Alvejante Liquido sem Cloro,ALV,FOR-C,Aprovado,,Aprovado,,Aprovado,,Conforme,Aprovado aos 90 dias,True
DES-2411-169,2024-11-02,Desinfetante Quaternario Concentrado,DES,FOR-A,Aprovado,,Aprovado,,Aprovado,,Conforme,Aprovado aos 90 dias,True
DES-2411-170,2024-11-03,Desinfetante Quaternario Concentrado,DES,FOR-C,Aprovado,,Aprovado,,Reprovado,odor alterado,Conforme,Reprovado na Estabilidade Acelerada,False
AMA-2411-171,2024-11-03,Amaciante de Roupas (esterquat),AMA,FOR-C,Aprovado,,Aprovado,,Reprovado,densidade fora de faixa,Conforme,Reprovado na Estabilidade Acelerada,False
DES-2411-172,2024-11-04,Desinfetante Quaternario Concentrado,DES,FOR-C,Aprovado,,Aprovado,,Reprovado,aspecto nao conforme,Conforme,Reprovado na Estabilidade Acelerada,False
LMU-2411-173,2024-11-07,Limpador Multiuso Alcalino,LMU,FOR-B,Reprovado,aspecto nao conforme; falha em estufa 50C; falha em centrifugacao; falha em agitacao magnetica,,,,,,Reprovado no Teste Inicial,False
LMU-2411-174,2024-11-08,Limpador Multiuso Alcalino,LMU,FOR-C,Aprovado,,Aprovado,,Reprovado,odor alterado,Conforme,Reprovado na Estabilidade Acelerada,False
AMA-2411-175,2024-11-08,Amaciante de Roupas (esterquat),AMA,FOR-B,Aprovado,,Reprovado,aspecto nao conforme,,,,Reprovado na Estabilidade Preliminar,False
DLR-2411-176,2024-11-10,Detergente Liquido para Roupas,DLR,FOR-C,Aprovado,,Aprovado,,Reprovado,odor alterado,Conforme,Reprovado na Estabilidade Acelerada,False
DES-2411-177,2024-11-11,Desinfetante Quaternario Concentrado,DES,FOR-A,Aprovado,,Reprovado,odor alterado,,,,Reprovado na Estabilidade Preliminar,False
LMU-2411-178,2024-11-13,Limpador Multiuso Alcalino,LMU,FOR-C,Aprovado,,Aprovado,,Aprovado,,Conforme,Aprovado aos 90 dias,True
ALV-2411-179,2024-11-15,Alvejante Liquido sem Cloro,ALV,FOR-B,Aprovado,,Aprovado,,Reprovado,densidade fora de faixa,Conforme,Reprovado na Estabilidade Acelerada,False
ALV-2411-180,2024-11-16,Alvejante Liquido sem Cloro,ALV,FOR-A,Aprovado,,Aprovado,,Reprovado,densidade fora de faixa,Nao conforme,Reprovado na Estabilidade Acelerada,False
AMA-2411-181,2024-11-18,Amaciante de Roupas (esterquat),AMA,FOR-A,Aprovado,,Aprovado,,Reprovado,aspecto nao conforme; pH fora de faixa,Conforme,Reprovado na Estabilidade Acelerada,False
LMU-2411-182,2024-11-20,Limpador Multiuso Alcalino,LMU,FOR-C,Aprovado,,Aprovado,,Aprovado,,Conforme,Aprovado aos 90 dias,True
DLL-2411-183,2024-11-22,Detergente Liquido Lava-Loucas,DLL,FOR-C,Reprovado,aspecto nao conforme; falha em estufa 50C; falha em centrifugacao; falha em agitacao magnetica,,,,,,Reprovado no Teste Inicial,False
DLR-2411-184,2024-11-28,Detergente Liquido para Roupas,DLR,FOR-A,Aprovado,,Aprovado,,Reprovado,odor alterado,Conforme,Reprovado na Estabilidade Acelerada,False
DES-2411-185,2024-11-30,Desinfetante Quaternario Concentrado,DES,FOR-A,Aprovado,,Aprovado,,Aprovado,,Conforme,Aprovado aos 90 dias,True
ALV-2412-186,2024-12-03,Alvejante Liquido sem Cloro,ALV,FOR-C,Aprovado,,Reprovado,aspecto nao conforme,,,,Reprovado na Estabilidade Preliminar,False
DLR-2412-187,2024-12-11,Detergente Liquido para Roupas,DLR,FOR-A,Aprovado,,Aprovado,,Reprovado,densidade fora de faixa,Conforme,Reprovado na Estabilidade Acelerada,False
AMA-2412-188,2024-12-12,Amaciante de Roupas (esterquat),AMA,FOR-A,Aprovado,,Aprovado,,Aprovado,,Conforme,Aprovado aos 90 dias,True
AMA-2412-189,2024-12-13,Amaciante de Roupas (esterquat),AMA,FOR-C,Aprovado,,Aprovado,,Reprovado,pH fora de faixa,Conforme,Reprovado na Estabilidade Acelerada,False
DLL-2412-190,2024-12-13,Detergente Liquido Lava-Loucas,DLL,FOR-C,Aprovado,,Aprovado,,Aprovado,,Conforme,Aprovado aos 90 dias,True
DES-2412-191,2024-12-14,Desinfetante Quaternario Concentrado,DES,FOR-A,Aprovado,,Aprovado,,Reprovado,odor alterado,Conforme,Reprovado na Estabilidade Acelerada,False
DLL-2412-192,2024-12-15,Detergente Liquido Lava-Loucas,DLL,FOR-A,Aprovado,,Aprovado,,Aprovado,,Conforme,Aprovado aos 90 dias,True
DLR-2412-193,2024-12-16,Detergente Liquido para Roupas,DLR,FOR-A,Aprovado,,Aprovado,,Aprovado,,Conforme,Aprovado aos 90 dias,True
LMU-2412-194,2024-12-20,Limpador Multiuso Alcalino,LMU,FOR-B,Aprovado,,Aprovado,,Reprovado,aspecto nao conforme,Conforme,Reprovado na Estabilidade Acelerada,False
DLL-2412-195,2024-12-23,Detergente Liquido Lava-Loucas,DLL,FOR-A,Aprovado,,Aprovado,,Aprovado,,Conforme,Aprovado aos 90 dias,True
DES-2412-196,2024-12-26,Desinfetante Quaternario Concentrado,DES,FOR-C,Aprovado,,Aprovado,,Aprovado,,Conforme,Aprovado aos 90 dias,True
LMU-2412-197,2024-12-26,Limpador Multiuso Alcalino,LMU,FOR-A,Reprovado,odor alterado,,,,,,Reprovado no Teste Inicial,False
ALV-2412-198,2024-12-29,Alvejante Liquido sem Cloro,ALV,FOR-A,Aprovado,,Aprovado,,Reprovado,aspecto nao conforme; densidade fora de faixa; pH fora de faixa,Conforme,Reprovado na Estabilidade Acelerada,False
ALV-2412-199,2024-12-30,Alvejante Liquido sem Cloro,ALV,FOR-B,Reprovado,falha em estufa 50C; falha em centrifugacao; falha em agitacao magnetica,,,,,,Reprovado no Teste Inicial,False
ALV-2412-200,2024-12-31,Alvejante Liquido sem Cloro,ALV,FOR-A,Aprovado,,Reprovado,aspecto nao conforme,,,,Reprovado na Estabilidade Preliminar,False
DLR-2412-201,2024-12-31,Detergente Liquido para Roupas,DLR,FOR-C,Aprovado,,Aprovado,,Aprovado,,Conforme,Aprovado aos 90 dias,True
DLR-2501-202,2025-01-01,Detergente Liquido para Roupas,DLR,FOR-A,Reprovado,densidade fora de faixa,,,,,,Reprovado no Teste Inicial,False
LMU-2501-203,2025-01-02,Limpador Multiuso Alcalino,LMU,FOR-A,Aprovado,,Reprovado,aspecto nao conforme,,,,Reprovado na Estabilidade Preliminar,False
DLR-2501-204,2025-01-03,Detergente Liquido para Roupas,DLR,FOR-B,Aprovado,,Reprovado,aspecto nao conforme,,,,Reprovado na Estabilidade Preliminar,False
DLL-2501-205,2025-01-04,Detergente Liquido Lava-Loucas,DLL,FOR-C,Aprovado,,Aprovado,,Aprovado,,Conforme,Aprovado aos 90 dias,True
DLL-2501-206,2025-01-07,Detergente Liquido Lava-Loucas,DLL,FOR-B,Aprovado,,Aprovado,,Aprovado,,Conforme,Aprovado aos 90 dias,True
DLR-2501-207,2025-01-08,Detergente Liquido para Roupas,DLR,FOR-C,Reprovado,falha em estufa 50C; falha em centrifugacao,,,,,,Reprovado no Teste Inicial,False
DES-2501-208,2025-01-10,Desinfetante Quaternario Concentrado,DES,FOR-A,Aprovado,,Aprovado,,Aprovado,,Conforme,Aprovado aos 90 dias,True
ALV-2501-209,2025-01-10,Alvejante Liquido sem Cloro,ALV,FOR-A,Aprovado,,Aprovado,,Aprovado,,Conforme,Aprovado aos 90 dias,True
AMA-2501-210,2025-01-11,Amaciante de Roupas (esterquat),AMA,FOR-A,Aprovado,,Aprovado,,Aprovado,,Conforme,Aprovado aos 90 dias,True
DLL-2501-211,2025-01-12,Detergente Liquido Lava-Loucas,DLL,FOR-C,Aprovado,,Aprovado,,Aprovado,,Conforme,Aprovado aos 90 dias,True
DLL-2501-212,2025-01-18,Detergente Liquido Lava-Loucas,DLL,FOR-C,Aprovado,,Aprovado,,Aprovado,,Conforme,Aprovado aos 90 dias,True
LMU-2501-213,2025-01-18,Limpador Multiuso Alcalino,LMU,FOR-A,Aprovado,,Aprovado,,Aprovado,,Conforme,Aprovado aos 90 dias,True
DES-2501-214,2025-01-18,Desinfetante Quaternario Concentrado,DES,FOR-A,Aprovado,,Aprovado,,Reprovado,aspecto nao conforme; odor alterado,Conforme,Reprovado na Estabilidade Acelerada,False
AMA-2501-215,2025-01-19,Amaciante de Roupas (esterquat),AMA,FOR-B,Aprovado,,Aprovado,,Reprovado,pH fora de faixa,Conforme,Reprovado na Estabilidade Acelerada,False
DES-2501-216,2025-01-20,Desinfetante Quaternario Concentrado,DES,FOR-A,Aprovado,,Aprovado,,Aprovado,,Conforme,Aprovado aos 90 dias,True
DLR-2501-217,2025-01-20,Detergente Liquido para Roupas,DLR,FOR-B,Aprovado,,Aprovado,,Aprovado,,Conforme,Aprovado aos 90 dias,True
DLL-2501-218,2025-01-22,Detergente Liquido Lava-Loucas,DLL,FOR-A,Aprovado,,Aprovado,,Aprovado,,Conforme,Aprovado aos 90 dias,True
DLR-2501-219,2025-01-22,Detergente Liquido para Roupas,DLR,FOR-B,Aprovado,,Aprovado,,Reprovado,odor alterado,Conforme,Reprovado na Estabilidade Acelerada,False
DLR-2501-220,2025-01-29,Detergente Liquido para Roupas,DLR,FOR-B,Aprovado,,Aprovado,,Aprovado,,Conforme,Aprovado aos 90 dias,True
DLL-2501-221,2025-01-29,Detergente Liquido Lava-Loucas,DLL,FOR-B,Aprovado,,Aprovado,,Aprovado,,Conforme,Aprovado aos 90 dias,True
DLL-2501-222,2025-01-29,Detergente Liquido Lava-Loucas,DLL,FOR-C,Aprovado,,Aprovado,,Reprovado,aspecto nao conforme,Conforme,Reprovado na Estabilidade Acelerada,False
AMA-2501-223,2025-01-30,Amaciante de Roupas (esterquat),AMA,FOR-C,Aprovado,,Aprovado,,Reprovado,pH fora de faixa,Conforme,Reprovado na Estabilidade Acelerada,False
DLR-2501-224,2025-01-31,Detergente Liquido para Roupas,DLR,FOR-C,Aprovado,,Aprovado,,Reprovado,aspecto nao conforme; odor alterado,Conforme,Reprovado na Estabilidade Acelerada,False
AMA-2502-225,2025-02-01,Amaciante de Roupas (esterquat),AMA,FOR-C,Reprovado,cor fora de tolerancia,,,,,,Reprovado no Teste Inicial,False
ALV-2502-226,2025-02-08,Alvejante Liquido sem Cloro,ALV,FOR-A,Aprovado,,Reprovado,odor alterado,,,,Reprovado na Estabilidade Preliminar,False
DES-2502-227,2025-02-08,Desinfetante Quaternario Concentrado,DES,FOR-C,Aprovado,,Aprovado,,Aprovado,,Conforme,Aprovado aos 90 dias,True
ALV-2502-228,2025-02-12,Alvejante Liquido sem Cloro,ALV,FOR-B,Aprovado,,Reprovado,odor alterado,,,,Reprovado na Estabilidade Preliminar,False
LMU-2502-229,2025-02-13,Limpador Multiuso Alcalino,LMU,FOR-B,Aprovado,,Aprovado,,Aprovado,,Conforme,Aprovado aos 90 dias,True
LMU-2502-230,2025-02-20,Limpador Multiuso Alcalino,LMU,FOR-B,Aprovado,,Aprovado,,Reprovado,aspecto nao conforme,Conforme,Reprovado na Estabilidade Acelerada,False
DLR-2502-231,2025-02-20,Detergente Liquido para Roupas,DLR,FOR-B,Reprovado,aspecto nao conforme; falha em estufa 50C; falha em centrifugacao; falha em agitacao magnetica,,,,,,Reprovado no Teste Inicial,False
DLL-2502-232,2025-02-20,Detergente Liquido Lava-Loucas,DLL,FOR-C,Aprovado,,Aprovado,,Aprovado,,Conforme,Aprovado aos 90 dias,True
DLR-2502-233,2025-02-21,Detergente Liquido para Roupas,DLR,FOR-B,Aprovado,,Reprovado,aspecto nao conforme,,,,Reprovado na Estabilidade Preliminar,False
AMA-2502-234,2025-02-22,Amaciante de Roupas (esterquat),AMA,FOR-B,Reprovado,falha em estufa 50C; falha em centrifugacao; falha em agitacao magnetica,,,,,,Reprovado no Teste Inicial,False
ALV-2502-235,2025-02-23,Alvejante Liquido sem Cloro,ALV,FOR-A,Reprovado,odor alterado; aspecto nao conforme; falha em estufa 50C; falha em centrifugacao; falha em agitacao magnetica,,,,,,Reprovado no Teste Inicial,False
DLL-2502-236,2025-02-24,Detergente Liquido Lava-Loucas,DLL,FOR-B,Aprovado,,Aprovado,,Aprovado,,Conforme,Aprovado aos 90 dias,True
AMA-2502-237,2025-02-25,Amaciante de Roupas (esterquat),AMA,FOR-C,Aprovado,,Aprovado,,Reprovado,densidade fora de faixa,Conforme,Reprovado na Estabilidade Acelerada,False
DLL-2502-238,2025-02-27,Detergente Liquido Lava-Loucas,DLL,FOR-A,Aprovado,,Aprovado,,Reprovado,densidade fora de faixa,Conforme,Reprovado na Estabilidade Acelerada,False
ALV-2502-239,2025-02-28,Alvejante Liquido sem Cloro,ALV,FOR-C,Aprovado,,Aprovado,,Reprovado,pH fora de faixa,Conforme,Reprovado na Estabilidade Acelerada,False
DES-2503-240,2025-03-03,Desinfetante Quaternario Concentrado,DES,FOR-B,Aprovado,,Aprovado,,Reprovado,aspecto nao conforme,Nao conforme,Reprovado na Estabilidade Acelerada,False
DES-2503-241,2025-03-03,Desinfetante Quaternario Concentrado,DES,FOR-B,Aprovado,,Aprovado,,Aprovado,,Conforme,Aprovado aos 90 dias,True
AMA-2503-242,2025-03-04,Amaciante de Roupas (esterquat),AMA,FOR-C,Aprovado,,Aprovado,,Aprovado,,Conforme,Aprovado aos 90 dias,True
LMU-2503-243,2025-03-04,Limpador Multiuso Alcalino,LMU,FOR-C,Aprovado,,Aprovado,,Aprovado,,Conforme,Aprovado aos 90 dias,True
ALV-2503-244,2025-03-05,Alvejante Liquido sem Cloro,ALV,FOR-A,Aprovado,,Reprovado,aspecto nao conforme,,,,Reprovado na Estabilidade Preliminar,False
AMA-2503-245,2025-03-05,Amaciante de Roupas (esterquat),AMA,FOR-B,Aprovado,,Reprovado,aspecto nao conforme,,,,Reprovado na Estabilidade Preliminar,False
DLR-2503-246,2025-03-06,Detergente Liquido para Roupas,DLR,FOR-A,Aprovado,,Aprovado,,Aprovado,,Conforme,Aprovado aos 90 dias,True
DLR-2503-247,2025-03-07,Detergente Liquido para Roupas,DLR,FOR-C,Reprovado,pH fora de faixa,,,,,,Reprovado no Teste Inicial,False
DLR-2503-248,2025-03-07,Detergente Liquido para Roupas,DLR,FOR-A,Aprovado,,Aprovado,,Aprovado,,Conforme,Aprovado aos 90 dias,True
DLL-2503-249,2025-03-07,Detergente Liquido Lava-Loucas,DLL,FOR-C,Aprovado,,Aprovado,,Aprovado,,Conforme,Aprovado aos 90 dias,True
LMU-2503-250,2025-03-09,Limpador Multiuso Alcalino,LMU,FOR-C,Aprovado,,Aprovado,,Aprovado,,Conforme,Aprovado aos 90 dias,True
ALV-2503-251,2025-03-11,Alvejante Liquido sem Cloro,ALV,FOR-A,Aprovado,,Aprovado,,Aprovado,,Conforme,Aprovado aos 90 dias,True
DLR-2503-252,2025-03-12,Detergente Liquido para Roupas,DLR,FOR-B,Aprovado,,Aprovado,,Aprovado,,Conforme,Aprovado aos 90 dias,True
DLL-2503-253,2025-03-12,Detergente Liquido Lava-Loucas,DLL,FOR-C,Reprovado,falha em estufa 50C,,,,,,Reprovado no Teste Inicial,False
LMU-2503-254,2025-03-13,Limpador Multiuso Alcalino,LMU,FOR-C,Aprovado,,Aprovado,,Reprovado,pH fora de faixa,Conforme,Reprovado na Estabilidade Acelerada,False
DLL-2503-255,2025-03-17,Detergente Liquido Lava-Loucas,DLL,FOR-C,Aprovado,,Reprovado,aspecto nao conforme,,,,Reprovado na Estabilidade Preliminar,False
DLL-2503-256,2025-03-17,Detergente Liquido Lava-Loucas,DLL,FOR-B,Aprovado,,Aprovado,,Aprovado,,Conforme,Aprovado aos 90 dias,True
ALV-2503-257,2025-03-19,Alvejante Liquido sem Cloro,ALV,FOR-A,Aprovado,,Aprovado,,Reprovado,odor alterado,Conforme,Reprovado na Estabilidade Acelerada,False
DES-2503-258,2025-03-19,Desinfetante Quaternario Concentrado,DES,FOR-B,Aprovado,,Aprovado,,Aprovado,,Conforme,Aprovado aos 90 dias,True
LMU-2503-259,2025-03-22,Limpador Multiuso Alcalino,LMU,FOR-C,Aprovado,,Aprovado,,Reprovado,pH fora de faixa,Conforme,Reprovado na Estabilidade Acelerada,False
DLR-2503-260,2025-03-26,Detergente Liquido para Roupas,DLR,FOR-C,Aprovado,,Aprovado,,Aprovado,,Conforme,Aprovado aos 90 dias,True
DLR-2503-261,2025-03-27,Detergente Liquido para Roupas,DLR,FOR-A,Aprovado,,Aprovado,,Aprovado,,Conforme,Aprovado aos 90 dias,True
LMU-2503-262,2025-03-29,Limpador Multiuso Alcalino,LMU,FOR-B,Aprovado,,Aprovado,,Reprovado,aspecto nao conforme; odor alterado,Conforme,Reprovado na Estabilidade Acelerada,False
DES-2504-263,2025-04-01,Desinfetante Quaternario Concentrado,DES,FOR-C,Aprovado,,Aprovado,,Aprovado,,Conforme,Aprovado aos 90 dias,True
AMA-2504-264,2025-04-01,Amaciante de Roupas (esterquat),AMA,FOR-A,Aprovado,,Aprovado,,Aprovado,,Conforme,Aprovado aos 90 dias,True
ALV-2504-265,2025-04-01,Alvejante Liquido sem Cloro,ALV,FOR-A,Aprovado,,Aprovado,,Aprovado,,Conforme,Aprovado aos 90 dias,True
DES-2504-266,2025-04-05,Desinfetante Quaternario Concentrado,DES,FOR-B,Aprovado,,Aprovado,,Aprovado,,Conforme,Aprovado aos 90 dias,True
LMU-2504-267,2025-04-06,Limpador Multiuso Alcalino,LMU,FOR-B,Aprovado,,Aprovado,,Reprovado,pH fora de faixa,Conforme,Reprovado na Estabilidade Acelerada,False
LMU-2504-268,2025-04-10,Limpador Multiuso Alcalino,LMU,FOR-B,Aprovado,,Aprovado,,Reprovado,odor alterado; pH fora de faixa,Conforme,Reprovado na Estabilidade Acelerada,False
DES-2504-269,2025-04-12,Desinfetante Quaternario Concentrado,DES,FOR-B,Reprovado,falha em centrifugacao,,,,,,Reprovado no Teste Inicial,False
ALV-2504-270,2025-04-13,Alvejante Liquido sem Cloro,ALV,FOR-A,Reprovado,densidade fora de faixa; cor fora de tolerancia; falha em agitacao magnetica,,,,,,Reprovado no Teste Inicial,False
DLL-2504-271,2025-04-14,Detergente Liquido Lava-Loucas,DLL,FOR-B,Reprovado,densidade fora de faixa,,,,,,Reprovado no Teste Inicial,False
DLR-2504-272,2025-04-14,Detergente Liquido para Roupas,DLR,FOR-B,Aprovado,,Reprovado,odor alterado,,,,Reprovado na Estabilidade Preliminar,False
DLR-2504-273,2025-04-15,Detergente Liquido para Roupas,DLR,FOR-C,Aprovado,,Aprovado,,Aprovado,,Conforme,Aprovado aos 90 dias,True
AMA-2504-274,2025-04-15,Amaciante de Roupas (esterquat),AMA,FOR-A,Aprovado,,Reprovado,odor alterado,,,,Reprovado na Estabilidade Preliminar,False
AMA-2505-275,2025-05-01,Amaciante de Roupas (esterquat),AMA,FOR-B,Aprovado,,Aprovado,,Aprovado,,Conforme,Aprovado aos 90 dias,True
LMU-2505-276,2025-05-04,Limpador Multiuso Alcalino,LMU,FOR-A,Aprovado,,Reprovado,odor alterado,,,,Reprovado na Estabilidade Preliminar,False
DLR-2505-277,2025-05-06,Detergente Liquido para Roupas,DLR,FOR-A,Aprovado,,Aprovado,,Reprovado,densidade fora de faixa,Conforme,Reprovado na Estabilidade Acelerada,False
AMA-2505-278,2025-05-08,Amaciante de Roupas (esterquat),AMA,FOR-B,Aprovado,,Aprovado,,Reprovado,aspecto nao conforme,Conforme,Reprovado na Estabilidade Acelerada,False
AMA-2505-279,2025-05-09,Amaciante de Roupas (esterquat),AMA,FOR-B,Aprovado,,Reprovado,odor alterado,,,,Reprovado na Estabilidade Preliminar,False
DLL-2505-280,2025-05-10,Detergente Liquido Lava-Loucas,DLL,FOR-B,Reprovado,falha em estufa 50C; falha em centrifugacao; falha em agitacao magnetica,,,,,,Reprovado no Teste Inicial,False
ALV-2505-281,2025-05-12,Alvejante Liquido sem Cloro,ALV,FOR-A,Aprovado,,Aprovado,,Aprovado,,Conforme,Aprovado aos 90 dias,True
DLL-2505-282,2025-05-17,Detergente Liquido Lava-Loucas,DLL,FOR-B,Reprovado,aspecto nao conforme; falha em estufa 50C; falha em centrifugacao; falha em agitacao magnetica,,,,,,Reprovado no Teste Inicial,False
ALV-2505-283,2025-05-20,Alvejante Liquido sem Cloro,ALV,FOR-B,Aprovado,,Reprovado,aspecto nao conforme,,,,Reprovado na Estabilidade Preliminar,False
DES-2505-284,2025-05-21,Desinfetante Quaternario Concentrado,DES,FOR-C,Aprovado,,Aprovado,,Aprovado,,Conforme,Aprovado aos 90 dias,True
DLR-2505-285,2025-05-22,Detergente Liquido para Roupas,DLR,FOR-A,Aprovado,,Aprovado,,Aprovado,,Conforme,Aprovado aos 90 dias,True
LMU-2505-286,2025-05-28,Limpador Multiuso Alcalino,LMU,FOR-A,Aprovado,,Aprovado,,Aprovado,,Conforme,Aprovado aos 90 dias,True
AMA-2505-287,2025-05-28,Amaciante de Roupas (esterquat),AMA,FOR-A,Aprovado,,Reprovado,densidade fora de faixa,,,,Reprovado na Estabilidade Preliminar,False
DES-2505-288,2025-05-29,Desinfetante Quaternario Concentrado,DES,FOR-C,Aprovado,,Aprovado,,Reprovado,aspecto nao conforme,Nao conforme,Reprovado na Estabilidade Acelerada,False
LMU-2506-289,2025-06-06,Limpador Multiuso Alcalino,LMU,FOR-A,Aprovado,,Reprovado,aspecto nao conforme,,,,Reprovado na Estabilidade Preliminar,False
DES-2506-290,2025-06-08,Desinfetante Quaternario Concentrado,DES,FOR-C,Aprovado,,Aprovado,,Aprovado,,Conforme,Aprovado aos 90 dias,True
DLR-2506-291,2025-06-09,Detergente Liquido para Roupas,DLR,FOR-A,Aprovado,,Aprovado,,Aprovado,,Conforme,Aprovado aos 90 dias,True
LMU-2506-292,2025-06-10,Limpador Multiuso Alcalino,LMU,FOR-B,Aprovado,,Aprovado,,Aprovado,,Conforme,Aprovado aos 90 dias,True
ALV-2506-293,2025-06-13,Alvejante Liquido sem Cloro,ALV,FOR-B,Aprovado,,Aprovado,,Reprovado,pH fora de faixa,Conforme,Reprovado na Estabilidade Acelerada,False
AMA-2506-294,2025-06-14,Amaciante de Roupas (esterquat),AMA,FOR-A,Aprovado,,Aprovado,,Aprovado,,Conforme,Aprovado aos 90 dias,True
ALV-2506-295,2025-06-15,Alvejante Liquido sem Cloro,ALV,FOR-A,Aprovado,,Reprovado,odor alterado,,,,Reprovado na Estabilidade Preliminar,False
DLL-2506-296,2025-06-17,Detergente Liquido Lava-Loucas,DLL,FOR-B,Aprovado,,Reprovado,aspecto nao conforme,,,,Reprovado na Estabilidade Preliminar,False
DES-2506-297,2025-06-21,Desinfetante Quaternario Concentrado,DES,FOR-C,Aprovado,,Reprovado,aspecto nao conforme,,,,Reprovado na Estabilidade Preliminar,False
DES-2506-298,2025-06-25,Desinfetante Quaternario Concentrado,DES,FOR-A,Aprovado,,Reprovado,aspecto nao conforme,,,,Reprovado na Estabilidade Preliminar,False
LMU-2506-299,2025-06-27,Limpador Multiuso Alcalino,LMU,FOR-B,Aprovado,,Aprovado,,Aprovado,,Conforme,Aprovado aos 90 dias,True
DES-2506-300,2025-06-28,Desinfetante Quaternario Concentrado,DES,FOR-A,Aprovado,,Aprovado,,Reprovado,aspecto nao conforme,Nao conforme,Reprovado na Estabilidade Acelerada,False
