lote,estagio,parametro,tipo_erro,valor_registrado,valor_verdadeiro
LMU-2409-123,1,ph,sonda_descalibrada,10.68,10.33
ALV-2409-124,1,ph,sonda_descalibrada,4.83,4.48
AMA-2409-125,1,ph,sonda_descalibrada,3.33,2.98
LMU-2409-131,1,ph,sonda_descalibrada,10.71,10.36
LMU-2409-132,1,ph,sonda_descalibrada,10.64,10.29
DES-2409-133,1,ph,sonda_descalibrada,7.69,7.34
ALV-2409-134,1,ph,sonda_descalibrada,4.43,4.08
AMA-2409-136,1,ph,sonda_descalibrada,3.47,3.12
DLL-2409-138,1,ph,sonda_descalibrada,8.01,7.66
DES-2409-142,1,ph,sonda_descalibrada,7.57,7.22
DLR-2409-143,1,ph,sonda_descalibrada,10.62,10.27
DLR-2409-144,1,ph,sonda_descalibrada,9.99,9.64
DES-2409-147,1,ph,sonda_descalibrada,7.46,7.11
ALV-2409-148,1,ph,sonda_descalibrada,4.43,4.08
DES-2410-157,1,ph,sonda_descalibrada,7.4,7.05
ALV-2410-158,1,ph,sonda_descalibrada,4.86,4.51
DES-2410-159,1,ph,sonda_descalibrada,7.33,6.98
AMA-2410-163,1,ph,sonda_descalibrada,3.31,2.96
ALV-2410-164,1,ph,sonda_descalibrada,4.2,3.85
ALV-2411-168,1,ph,sonda_descalibrada,4.52,4.17
AMA-2411-171,1,ph,sonda_descalibrada,3.2,2.85
LMU-2411-173,1,ph,sonda_descalibrada,10.8,10.45
LMU-2411-174,1,ph,sonda_descalibrada,10.83,10.48
AMA-2411-175,1,ph,sonda_descalibrada,3.44,3.09
AMA-2405-071,1,ph,decimal_deslocado,28.3,2.83
DLR-2503-247,1,ph,decimal_deslocado,98.3,9.83
ALV-2407-093,1,ph,decimal_deslocado,40.1,4.01
DLR-2408-115,1,ph,decimal_deslocado,95.1,9.51
DES-2407-095,1,densidade_g_cm3,decimal_deslocado,10.0,1.0
AMA-2402-013,1,densidade_g_cm3,decimal_deslocado,10.01,1.001
AMA-2406-083,1,densidade_g_cm3,decimal_deslocado,9.98,0.998
AMA-2409-136,1,densidade_g_cm3,decimal_deslocado,10.02,1.002
AMA-2403-033,1,densidade_g_cm3,replicata_trocada,1.017,0.998
ALV-2504-270,1,densidade_g_cm3,replicata_trocada,0.996,1.04
DLL-2409-138,1,densidade_g_cm3,replicata_trocada,1.037,1.036
DES-2410-167,1,densidade_g_cm3,replicata_trocada,0.991,1.003
DLL-2504-271,1,densidade_g_cm3,replicata_trocada,1.011,1.036
